name,commonName_new,scientificName_new,status_new,listUpdate,commonName_old,scientificName_old,status_old
Abildgaardia pachyptera,,Abildgaardia pachyptera,Priority 1: Poorly-known species,added,,,
Acacia corusca,Shimmer Wattle,Acacia corusca,Priority 1: Poorly-known species,added,,,
Acacia karinae,,,Priority 1: Poorly-known species,added,,,
Acacia lachnocarpa,Woolly-fruited Wattle,Acacia lachnocarpa,Priority 1: Poorly-known species,added,,,
Acacia sp. Forrestania (D. Angus DA 3001),,Acacia sp. Forrestania (D.Angus DA 3001),Priority 1: Poorly-known species,added,,,
Acacia sp. New Norcia (E.A. Griffin 5917),,Acacia sp. New Norcia (E.A.Griffin 5917),Priority 1: Poorly-known species,added,,,
Afrohybanthus bennettiae,,Afrohybanthus bennettiae,Priority 2: Poorly-known species,added,,,
Alyogyne sp. Great Victoria Desert (D.J. Edinger 6212),,Alyogyne sp. Great Victoria Desert (D.J.Edinger 6212),Priority 3: Poorly-known species,added,,,
Alyogyne sp. Hyden (G.S. Durell GD 127) PN,,Alyogyne sp. Hyden (G.S.Durell GD127),Priority 1: Poorly-known species,added,,,
Andersonia sp. Mysosma (E.A. Griffin 2213) PN,,Andersonia sp. Mysosma (E.A.Griffin 2213),Priority 2: Poorly-known species,added,,,
Apatelantha chrysotricha,,,Priority 2: Poorly-known species,added,,,
Apatelantha insignis,,,Priority 2: Poorly-known species,added,,,
Apium prostratum subsp. phillipii,,Apium prostratum subsp. Porongurup Range (G.J.Keighery 8631),Endangered,added,,,
Arivela kenneallyi,,Arivela kenneallyi,Priority 2: Poorly-known species,added,,,
Arthropodium vanleeuwenii,Leeuwen's Lily,Arthropodium vanleeuwenii,Priority 2: Poorly-known species,added,,,
Arthrostylis sp. Kalumburu (K.L. Wilson 10101) PN,,,Priority 2: Poorly-known species,added,,,
Asplenium decurrens,Shore Spleenwort,Asplenium obtusatum subsp. northlandicum,"Priority 4: Rare, Near Threatened",added,,,
Asteridea croniniana,,Asteridea croniniana,Priority 1: Poorly-known species,added,,,
Asteridea morawana,,Asteridea morawana,Priority 1: Poorly-known species,added,,,
Austrobaeckea columnaris,,,Priority 2: Poorly-known species,added,,,
Austrobaeckea narembeen,,,Priority 2: Poorly-known species,added,,,
Austrobaeckea uncinella,,,Priority 3: Poorly-known species,added,,,
Austrostipa bronweniae,,Austrostipa bronweniae,Endangered,added,,,
Austrostipa burgesiana,,,Priority 1: Poorly-known species,added,,,
Austrostipa echinata,Spiny Spear-grass,Austrostipa echinata,Priority 1: Poorly-known species,added,,,
Austrostipa everettiana,,,Priority 1: Poorly-known species,added,,,
Austrostipa frankliniae,,,Priority 2: Poorly-known species,added,,,
Austrostipa heteranthera,,,Priority 2: Poorly-known species,added,,,
Austrostipa koordana,,,Priority 1: Poorly-known species,added,,,
Austrostipa lanata,,Austrostipa lanata,Priority 3: Poorly-known species,added,,,
Austrostipa nunaginensis,,,Priority 3: Poorly-known species,added,,,
Austrostipa turbinata,,,Priority 3: Poorly-known species,added,,,
Austrostipa vickeryana,Vickery's Spear-grass,Austrostipa vickeryana,Priority 3: Poorly-known species,added,,,
Babingtonia peteriana,Ornate Babingtonia,Babingtonia peteriana,Priority 2: Poorly-known species,added,,,
Balaustion baiocalyx,,,Priority 1: Poorly-known species,added,,,
Balaustion bimucronatum,,,Priority 1: Poorly-known species,added,,,
Balaustion exsertum,,,Priority 3: Poorly-known species,added,,,
Balaustion filifolium,,,Priority 2: Poorly-known species,added,,,
Balaustion grande,,,Priority 3: Poorly-known species,added,,,
Balaustion grandibracteatum subsp. grandibracteatum,,,Priority 3: Poorly-known species,added,,,
Balaustion grandibracteatum subsp. juncturum,,,Priority 2: Poorly-known species,added,,,
Balaustion grandibracteatum subsp. meridionale,,,Priority 2: Poorly-known species,added,,,
Balaustion hemisphaericum,,,Priority 1: Poorly-known species,added,,,
Balaustion karroun,,,Priority 1: Poorly-known species,added,,,
Balaustion mukinbudin,,,Priority 3: Poorly-known species,added,,,
Balaustion multicaule,,,Priority 1: Poorly-known species,added,,,
Balaustion polyandrum,,,Priority 1: Poorly-known species,added,,,
Balaustion sp. Billyacatting Hill (A.S. George 14349) PN,,,Priority 2: Poorly-known species,added,,,
Balaustion sp. North Ironcap (R.J. Cranfield 10580) PN,,,Priority 1: Poorly-known species,added,,,
Balaustion sp. Yorkrakine (C.A. Gardner s.n. 09/1933) PN,,,Priority 1: Poorly-known species,added,,,
Balaustion spenceri,,,Priority 1: Poorly-known species,added,,,
Balaustion tangerinum,,,Priority 1: Poorly-known species,added,,,
Balaustion thamnoides,,,Priority 2: Poorly-known species,added,,,
Balaustion unguiculatum,,,Priority 1: Poorly-known species,added,,,
Banksia densa,,Banksia densa,Priority 2: Poorly-known species,added,,,
Banksia nana,,Banksia nana,Priority 3: Poorly-known species,added,,,
Banksia parva,,Banksia parva,"Priority 4: Rare, Near Threatened",added,,,
Beyeria lateralis,Jefferies' Beyeria,Beyeria lateralis,Priority 2: Poorly-known species,added,,,
Boronia clavata subsp. clavata,,Boronia clavata subsp. clavata,Vulnerable,added,,,
Boronia clavata subsp. grandis,,Boronia clavata subsp. grandis,Priority 2: Poorly-known species,added,,,
Boronia crenulata subsp. crenulata var. angustifolia,,Boronia crenulata var. angustifolia,"Priority 4: Rare, Near Threatened",added,,,
Boronia denticulata subsp. whoogarupensis,,Boronia denticulata subsp. whoogarupensis,Priority 2: Poorly-known species,added,,,
Boronia sp. Leeuwin (J. Scott 235),,Boronia sp. Leeuwin (J.Scott 235),Priority 2: Poorly-known species,added,,,
Boronia ternata var. promiscua,,Boronia ternata var. promiscua,Priority 3: Poorly-known species,added,,,
Bossiaea reptans,Creeping Brown Pea,Bossiaea reptans,Endangered,added,,,
Bossiaea sp. Mt Frankland (L. Graham 2174) PN,,Bossiaea sp. Mt Frankland (L.Graham 2174),Priority 2: Poorly-known species,added,,,
Caesia arcuata,Curved Grass Lily,Caesia arcuata,Priority 1: Poorly-known species,added,,,
Caesia chlorantha,,Caesia chlorantha,Priority 1: Poorly-known species,added,,,
Caladenia multiplex,Bulbarnet Spider Orchid,Caladenia multiplex,Priority 2: Poorly-known species,added,,,
Calandrinia sp. Bayswater (C. Andrews s.n. 11/1902) PN,,,Priority 1: Poorly-known species,added,,,
Calandrinia sp. Berry Springs (M.O. Parker 855) PN,,Calandrinia sp. Berry Springs (M.O.Parker 855),Priority 1: Poorly-known species,added,,,
Calandrinia sp. Cape Range (F. Obbens FO 10/18),,Calandrinia sp. Cape Range (F.Obbens FO 10/18),Priority 2: Poorly-known species,added,,,
Calandrinia sp. Hamelin Station (F. Obbens FO 02/20) PN,,,Priority 1: Poorly-known species,added,,,
Calandrinia sp. Lennard River (W.V. Fitzgerald 739) PN,,,Priority 1: Poorly-known species,added,,,
Calandrinia sp. Mt Vernon Station (T.L. Setter 427) PN,,,Priority 1: Poorly-known species,added,,,
Calandrinia sp. Nanutarra (F. Obbens FO 08/18),,Calandrinia sp. Nanutarra (F.Obbens FO 08/18),Priority 1: Poorly-known species,added,,,
Calandrinia sp. Torndirrup (S.D. Hopper et al. SDH 8712) PN,,Calandrinia sp. Torndirrup (S.D.Hopper et al. SDH 8712),Priority 2: Poorly-known species,added,,,
Calandrinia uncinella,,Calandrinia uncinella,Priority 1: Poorly-known species,added,,,
Calectasia grandiflora,Blue Tinsel Lily,Calectasia grandiflora,Priority 2: Poorly-known species,added,,,
Calytrix calingiri,,,Priority 3: Poorly-known species,added,,,
Calytrix djinda,,,Priority 1: Poorly-known species,added,,,
Calytrix insperata,Mundatharrda Calytrix,Calytrix insperata,Priority 2: Poorly-known species,added,,,
Calytrix platycheiridion,,,Priority 2: Poorly-known species,added,,,
Calytrix sp. Learmonth (S. Fox EMopp 1),,,Priority 1: Poorly-known species,added,,,
Calytrix sp. Wandana (G. Byrne 1750) PN,,,Priority 3: Poorly-known species,added,,,
Carpobrotus sp. Lateral Flowers (N. Gibson & M. Lyons 973) PN,,Carpobrotus sp. Lateral Flowers (N.Gibson & M.Lyons 973),Priority 2: Poorly-known species,added,,,
Chamelaucium erythrochlorum,,Chamelaucium sp. Yoongarillup (G.J.Keighery 3635),"Priority 4: Rare, Near Threatened",added,,,
Chamelaucium floriferum subsp. diffusum,,Chamelaucium sp. Nornalup (N.G.Marchant 76/125),Priority 2: Poorly-known species,added,,,
Chamelaucium floriferum subsp. floriferum,,Chamelaucium floriferum subsp. floriferum,Priority 2: Poorly-known species,added,,,
Chamelaucium forrestii,,Chamelaucium sp. Mt Frankland (A.S.George 11117),Priority 2: Poorly-known species,added,,,
Chamelaucium lullfitzii,Gingin Wax,Chamelaucium sp. Gingin (N.G.Marchant 6),Vulnerable,added,,,
Chamelaucium orarium,,Chamelaucium orarium,Priority 2: Poorly-known species,added,,,
Chamelaucium repens,,Chamelaucium sp. Canna (G.J.Keighery s.n. PERTH 02236435),Priority 1: Poorly-known species,added,,,
Chamelaucium roycei,Royce's Waxflower,Chamelaucium sp. S coastal plain (R.D.Royce 4872),Vulnerable,added,,,
Chamelaucium xanthocladum,,Chamelaucium xanthocladum,Priority 2: Poorly-known species,added,,,
Comesperma minutum,,Comesperma minutum,Priority 1: Poorly-known species,added,,,
Conostephium wonganense,,,Priority 1: Poorly-known species,added,,,
Conostylis sp. Watheroo (S.D. Hopper 7668) PN,,,Priority 2: Poorly-known species,added,,,
Convolvulus pyrophilus,,,Priority 1: Poorly-known species,added,,,
Corchorus fitzroyensis,Fitzroy River Corchorus,Corchorus fitzroyensis,Priority 3: Poorly-known species,added,,,
Corybas autumnalis,,Corybas autumnalis,Priority 2: Poorly-known species,added,,,
Corymbia chlorolampra,Mountain Marri,Corymbia haematoxylon,Priority 1: Poorly-known species,added,,,
Corynotheca acanthoclada,Spiny Zigzag Lily,Corynotheca acanthoclada,Priority 1: Poorly-known species,added,,,
Corynotheca flexuosissima,Compact Zigzag Lily,Corynotheca flexuosissima,Priority 3: Poorly-known species,added,,,
Crassula colorata var. miriamae,,Crassula colorata var. miriamae,Priority 2: Poorly-known species,added,,,
Cryptandra subtilis,No Petals Cryptandra,Cryptandra subtilis,Priority 3: Poorly-known species,added,,,
Cyanothamnus acanthocladus,,Cyanothamnus acanthocladus,Priority 2: Poorly-known species,added,,,
Cyanothamnus baeckeaceus subsp. patulus,,Cyanothamnus baeckeaceus subsp. patulus,Priority 1: Poorly-known species,added,,,
Cyanothamnus ramosus subsp. lesueuranus,,Cyanothamnus ramosus subsp. lesueuranus,Priority 2: Poorly-known species,added,,,
Cyanothamnus tenuis,Blue Boronia,Boronia tenuis,"Priority 4: Rare, Near Threatened",added,,,
Cyanothamnus westringioides,,Cyanothamnus westringioides,Priority 2: Poorly-known species,added,,,
Cyanthillium gracile,,Cyanthillium gracile,Priority 3: Poorly-known species,added,,,
Dampiera prasiolitica,Coolgardie Dampiera,Dampiera prasiolitica,Priority 1: Poorly-known species,added,,,
Darwinia sp. Bindoon (S. Patrick 281) PN,,Darwinia sp. Bindoon (S.Patrick 281),Priority 1: Poorly-known species,added,,,
Darwinia sp. Corrigin (T. Erickson TEE 308) PN,,Darwinia sp. Corrigin (T.Erickson TEE 308),Priority 2: Poorly-known species,added,,,
Darwinia sphaerica,Canna Darwinia,Darwinia sphaerica,Priority 2: Poorly-known species,added,,,
Deyeuxia abscondita,Preston Bentgrass,Deyeuxia abscondita,Priority 1: Poorly-known species,added,,,
Dielsiodoxa altimontana,,,Priority 2: Poorly-known species,added,,,
Dillwynia sp. Coujinup Hill (M.A. Burgman 1560),,Dillwynia sp. Coujinup Hill (M.A.Burgman 1560),Priority 1: Poorly-known species,added,,,
Dipodium basalticum,,Dipodium sp. Basalt Woodland (M.D.Barrett 198),Priority 1: Poorly-known species,added,,,
Dolichocarpa sp. Hamersley Station (A.A. Mitchell PRP 1479) PN,,,Priority 3: Poorly-known species,added,,,
Dopatrium junceum,,Dopatrium junceum,Priority 1: Poorly-known species,added,,,
Drosera oreopodion,,Drosera oreopodion,Priority 1: Poorly-known species,added,,,
Drosera radicans,,Drosera radicans,Priority 3: Poorly-known species,added,,,
Drosera rechingeri,,Drosera rechingeri,Priority 3: Poorly-known species,added,,,
Drosera sp. Kentdale (G.J. Bourke 458) PN,,,Priority 2: Poorly-known species,added,,,
Drosera sp. Lesueur National Park (C.A. Gardner 9350) PN,,,Priority 2: Poorly-known species,added,,,
Drosera sp. Yampi Peninsula (A.J.M. Hopkins BA 0248) PN,,,Priority 1: Poorly-known species,added,,,
Drummondita billyacatting,,,Priority 2: Poorly-known species,added,,,
Drummondita rubriviridis,,,Priority 1: Poorly-known species,added,,,
Einadia nutans subsp. nutans,Nodding Saltbush,Einadia nutans subsp. nutans,Priority 3: Poorly-known species,added,,,
Elionurus tylophorus,Toothed Wire Grass,Elionurus tylophorus,Priority 2: Poorly-known species,added,,,
Empusa habenarina,Common Sphinx Orchid,Liparis habenarina,Priority 2: Poorly-known species,added,,,
Eragrostis lasioclada,,Ectrosia lasioclada,Priority 1: Poorly-known species,added,,,
Eragrostis lilliputiana,,Eragrostis lilliputiana,Priority 3: Poorly-known species,added,,,
Eragrostis sp. Lake Carey (J. Paterson & J. Warden WB 40825) PN,,,Priority 1: Poorly-known species,added,,,
Eremophila acutifolia,,Eremophila acutifolia,Priority 3: Poorly-known species,added,,,
Eremophila annosicaulis,,,Priority 3: Poorly-known species,added,,,
Eremophila glabra subsp. Lake Austin (P.J. Curry & P. Hennig 367),,Eremophila glabra subsp. Lake Austin (P.J.Curry & P.Hennig 367),Priority 1: Poorly-known species,added,,,
Eremophila glabra subsp. Rason Lake (R.D. Royce 5582),,Eremophila glabra subsp. Rason Lake (R.D.Royce 5582),Priority 1: Poorly-known species,added,,,
Eremophila inflata,,Calamphoreus inflatus,"Priority 4: Rare, Near Threatened",added,,,
Eremophila microphylla,,Eremophila microphylla,Priority 3: Poorly-known species,added,,,
Eremophila naaykensii,,,Priority 3: Poorly-known species,added,,,
Eremophila oldfieldii subsp. papula,,Eremophila oldfieldii subsp. papula,Priority 1: Poorly-known species,added,,,
Eremophila rarissima,,Eremophila rarissima,Priority 1: Poorly-known species,added,,,
Eremophila sericea,,Eremophila sericea,Priority 1: Poorly-known species,added,,,
Eremophila sp. Lake Carey (E. Mattiske LM 197) PN,,Eremophila sp. Lake Carey (E.Mattiske LM 197),Priority 1: Poorly-known species,added,,,
Eremophila sp. Landor (J. Start D7 33) PN,,Eremophila sp. Landor (J.Start D7 33),Priority 1: Poorly-known species,added,,,
Eremophila sp. Pingandy dentate (B. Buirchell BB 331),,Eremophila sp. Pingandy dentate (B.Buirchell BB 331),Priority 1: Poorly-known species,added,,,
Eremophila waitii,,Eremophila waitii,Priority 1: Poorly-known species,added,,,
Eremophila xantholaemus,,,Priority 1: Poorly-known species,added,,,
Eriochilus glareosus,,,Priority 1: Poorly-known species,added,,,
Eucalyptus calycogona subsp. miraculum,,Eucalyptus calycogona subsp. miraculum,Priority 1: Poorly-known species,added,,,
Eucalyptus dissimulata subsp. dissimulata,,,"Priority 4: Rare, Near Threatened",added,,,
Eucalyptus dissimulata subsp. plauta,,Eucalyptus sp. Truslove (M.I.H.Brooker 7499),Priority 1: Poorly-known species,added,,,
Eucalyptus efflorescens,,,Priority 1: Poorly-known species,added,,,
Eucalyptus eremophila subsp. pterocarpa,,Eucalyptus eremophila subsp. pterocarpa,Priority 1: Poorly-known species,added,,,
Eucalyptus foecunda subsp. aeolica,Narrow-leaved Red Mallee,Eucalyptus foecunda,Priority 2: Poorly-known species,added,,,
Eucalyptus foecunda subsp. foecunda,,Eucalyptus foecunda subsp. foecunda,"Priority 4: Rare, Near Threatened",added,,,
Eucalyptus formanii subsp. circulata,,,"Priority 4: Rare, Near Threatened",added,,,
Eucalyptus formanii subsp. formanii,,,"Priority 4: Rare, Near Threatened",added,,,
Eucalyptus goniantha subsp. kynouron,,,Priority 2: Poorly-known species,added,,,
Eucalyptus merleae,,,Priority 2: Poorly-known species,added,,,
Eucalyptus polita,,Eucalyptus polita,Priority 3: Poorly-known species,added,,,
Eucalyptus ravensthorpensis,,Eucalyptus ravensthorpensis,"Priority 4: Rare, Near Threatened",added,,,
Eucalyptus sp. Dunbar Road (D. Nicolle & M. French DN 5466) PN,,Eucalyptus sp. Dunbar Road (D.Nicolle & M.French DN 5466),Priority 1: Poorly-known species,added,,,
Eucalyptus uncinata subsp. crassifolia,,,Priority 2: Poorly-known species,added,,,
Eucalyptus x erectifolia,Stirling Range Mallee,Eucalyptus erectifolia,"Priority 4: Rare, Near Threatened",added,,,
Euploca aenigmata,,Euploca aenigmata,Priority 1: Poorly-known species,added,,,
Euploca alcyonium,,,Priority 1: Poorly-known species,added,,,
Euploca apertum,,Euploca apertum,Priority 1: Poorly-known species,added,,,
Euploca argyrea,,Euploca argyrea,Priority 1: Poorly-known species,added,,,
Euploca calvariavis,,Euploca calvariavis,Priority 1: Poorly-known species,added,,,
Euploca cupressina,,Heliotropium cupressinum,Priority 1: Poorly-known species,added,,,
Euploca discordis,,Euploca discordis,Priority 1: Poorly-known species,added,,,
Euploca foveolata,,Euploca foveolata,Priority 1: Poorly-known species,added,,,
Euploca galioides,,Euploca galioides,Priority 1: Poorly-known species,added,,,
Euploca geocharis,,Euploca geocharis,Priority 1: Poorly-known species,added,,,
Euploca mitchellii,,Euploca mitchellii,Priority 1: Poorly-known species,added,,,
Euploca mutica,,Euploca mutica,Priority 3: Poorly-known species,added,,,
Euploca nesopelyda,,Euploca nesopelyda,Priority 1: Poorly-known species,added,,,
Euploca parviantrum,,Euploca parviantrum,Priority 1: Poorly-known species,added,,,
Euploca synaimon,,Euploca synaimon,Priority 1: Poorly-known species,added,,,
Euploca tachyglossoides,,Euploca tachyglossoides,Priority 1: Poorly-known species,added,,,
Euploca uniflora,,Euploca uniflora,Priority 1: Poorly-known species,added,,,
Eutaxia sp. Jasper Hill (R.J. Cranfield 8607),,Eutaxia sp. Jasper Hill (R.J.Cranfield 8607),Priority 1: Poorly-known species,added,,,
Fitzwillia sp. Newdegate (A. Coates 8766) PN,,,Priority 1: Poorly-known species,added,,,
Gastrolobium sp. Asperum (F. Hort 2864) PN,,,Priority 3: Poorly-known species,added,,,
Gastrolobium sp. Yoongarillup (S. Dilkes s.n. 1/9/1969),,Gastrolobium sp. Yoongarillup (S.Dilkes s.n. 1/9/1969),Priority 1: Poorly-known species,added,,,
Geleznowia amabilis,Kalbarri Yellow Bells,Geleznowia amabilis,Priority 2: Poorly-known species,added,,,
Glycine lactivirens,,,Priority 3: Poorly-known species,added,,,
Gompholobium glabristylum,Beardless Pea,Gompholobium glabristylum,Priority 2: Poorly-known species,added,,,
Gomphrena axillaris,,,Priority 1: Poorly-known species,added,,,
Gomphrena longistyla,,,Priority 2: Poorly-known species,added,,,
Gonocarpus keigheryi,,Gonocarpus keigheryi,Priority 2: Poorly-known species,added,,,
Gonocarpus orchardii,,Gonocarpus orchardii,Priority 3: Poorly-known species,added,,,
Goodenia exigua,,Velleia exigua,Priority 2: Poorly-known species,added,,,
Goodenia quartzitica,Quartz-loving Goodenia,Goodenia quartzitica,Priority 1: Poorly-known species,added,,,
Goodenia radicans,Raumangu,Selliera radicans,Priority 1: Poorly-known species,added,,,
Goodenia sp. Charnley River (M.D. Barrett MDB 5163),,,Priority 1: Poorly-known species,added,,,
Goodenia sp. South Coast (A.R. Annels ARA 1846),,Goodenia sp. South Coast (A.R. Annels ARA1846),Priority 3: Poorly-known species,added,,,
Goodenia verreauxii,,Goodenia verreauxii,"Priority 4: Rare, Near Threatened",added,,,
Grammosolen archeri,,Grammosolen archeri,Priority 1: Poorly-known species,added,,,
Grammosolen odgersii subsp. occidentalis,,Grammosolen odgersii subsp. occidentalis,Critically Endangered,added,,,
Grammosolen odgersii subsp. odgersii,,Grammosolen odgersii subsp. odgersii,Priority 2: Poorly-known species,added,,,
Grevillea brachystylis subsp. Yelverton (A. Webb AW09122),,,Priority 2: Poorly-known species,added,,,
Grevillea bronweniae,,Grevillea bronweniae,Priority 3: Poorly-known species,added,,,
Grevillea dissectifolia,,,Priority 3: Poorly-known species,added,,,
Grevillea hystrix,Porcupine Grevillea,Grevillea hystrix,Priority 1: Poorly-known species,added,,,
Grevillea merceri,,Grevillea merceri,Priority 2: Poorly-known species,added,,,
Grevillea ornithopoda,Birdsfoot Grevillea,Grevillea manglesii subsp. ornithopoda,Priority 2: Poorly-known species,added,,,
Grevillea pieroniae,,Grevillea pieroniae,Priority 2: Poorly-known species,added,,,
Grevillea sp. Duranillin (E.F. Shedley 180) PN,,,Priority 2: Poorly-known species,added,,,
Grevillea sp. Nyabing (A. Coates & J. Ward AC 6030) PN,,,Priority 1: Poorly-known species,added,,,
Grevillea sp. Yerilgee Hills (T. Laslett TL 025),,Grevillea sp. Yerilgee Hills (T.Laslett TL 025),Priority 1: Poorly-known species,added,,,
Grevillea speckiana,,,Priority 1: Poorly-known species,added,,,
Grevillea synapheae subsp. latiloba,,Grevillea synapheae subsp. latiloba,Priority 1: Poorly-known species,added,,,
Grevillea trichantha,,,Priority 2: Poorly-known species,added,,,
Grona flagellaris,,Grona flagellaris,Priority 1: Poorly-known species,added,,,
Grona pullenii,,Grona pullenii,Priority 1: Poorly-known species,added,,,
Hakea cygnus subsp. needlei,,,Priority 2: Poorly-known species,added,,,
Haloragis luminosa,Lantern Sea-berry,Haloragis luminosa,Priority 1: Poorly-known species,added,,,
Hemigenia diadela,Mid West Capote,Hemigenia diadela,Priority 2: Poorly-known species,added,,,
Hemigenia dulcis,,,Priority 1: Poorly-known species,added,,,
Hemigenia pimeleifolia,,,Priority 2: Poorly-known species,added,,,
Hemigenia sp. Nillup (R.D. Royce 98),,Hemigenia sp. Nillup (R.D.Royce 98),Priority 2: Poorly-known species,added,,,
Hibbertia acrotoma,,Hibbertia acrotoma,Priority 1: Poorly-known species,added,,,
Hibbertia ambita,,Hibbertia ambita,Priority 1: Poorly-known species,added,,,
Hibbertia archeri,,,Priority 1: Poorly-known species,added,,,
Hibbertia barrettiae,,Hibbertia barrettiae,Critically Endangered,added,,,
Hibbertia elegans,,Hibbertia elegans,Priority 1: Poorly-known species,added,,,
Hibbertia hortiorum,,Hibbertia hortiorum,Priority 1: Poorly-known species,added,,,
Hibbertia inopinata,,Hibbertia inopinata,Priority 2: Poorly-known species,added,,,
Hibbertia leptotheca,,Hibbertia leptotheca,Priority 3: Poorly-known species,added,,,
Hibbertia proberae,Desert Guinea-flower,Hibbertia proberae,Priority 2: Poorly-known species,added,,,
Hibbertia sandifordiae,,Hibbertia sandifordiae,Priority 1: Poorly-known species,added,,,
Hibbertia sp. Mt Holland (B. Ellery BE 1437) PN,,Hibbertia sp. Mt Holland (B.Ellery BE 1437),Priority 1: Poorly-known species,added,,,
Hibbertia subglabra,,Hibbertia subglabra,Priority 3: Poorly-known species,added,,,
Hibbertia tuberculata,,Hibbertia tuberculata,Priority 1: Poorly-known species,added,,,
Hibbertia wheelerae,,Hibbertia wheelerae,Priority 2: Poorly-known species,added,,,
Hibiscus chrysinocolla,Golden-goo Hibiscus,Hibiscus chrysinocolla,Priority 1: Poorly-known species,added,,,
Hibiscus sp. Kununurra (K.F. Kenneally 1940) PN,,,Priority 1: Poorly-known species,added,,,
Hibiscus sp. Perrinvale Station (J. Warden & E. Ager WB 10581),,Hibiscus sp. Perrinvale Station (J.Warden & E.Ager WB 10581),Priority 1: Poorly-known species,added,,,
Hydrocotyle eichleri,Eichler's Pennywort,Hydrocotyle eichleri,Priority 3: Poorly-known species,added,,,
Hydrocotyle papilionella,Butterfly Pennywort,Hydrocotyle papilionella,Priority 2: Poorly-known species,added,,,
Hydrocotyle tuberculata,Bumpy-fruited Pennywort,Hydrocotyle tuberculata,Priority 2: Poorly-known species,added,,,
Hypocalymma inopinatum,,,Priority 2: Poorly-known species,added,,,
Hypocalymma polyandrum,,,Priority 1: Poorly-known species,added,,,
Hypocalymma sp. Nambung (R. Spjut & R. Smith s.n. 22/09/1992) PN,,Hypocalymma sp. Nambung (R.Spjut & R.Smith s.n. 22/09/1992),Priority 3: Poorly-known species,added,,,
Indigofera rivularis,,,Priority 3: Poorly-known species,added,,,
Indigofera rotula,,,Priority 3: Poorly-known species,added,,,
Isopogon autumnalis,Autumn Isopogon,Isopogon autumnalis,Priority 3: Poorly-known species,added,,,
Isotropis petrensis,,,Priority 1: Poorly-known species,added,,,
Josephinia sp. Woodstock (A.A. Mitchell PRP 989),,Josephinia sp. Woodstock (A.A.Mitchell PRP 989),Priority 1: Poorly-known species,added,,,
Kunzea dracopetrensis,Dragon Rocks Kunzea,Kunzea dracopetrensis,Priority 2: Poorly-known species,added,,,
Kunzea petrophila,,Kunzea petrophila,Priority 1: Poorly-known species,added,,,
Lambertia orbifolia subsp. Bowelling (A. Webb AW 09107) PN,,,Priority 2: Poorly-known species,added,,,
Lasiopetalum hapalocalyx,Wellstead Lasiopetalum,Lasiopetalum hapalocalyx,Priority 1: Poorly-known species,added,,,
Latrobea colophon,,,Critically Endangered,added,,,
Lechenaultia orchestris,Dancing Lechenaultia,Lechenaultia orchestris,Priority 1: Poorly-known species,added,,,
Leichhardtia glandulifera,,Leichhardtia glandulifera,Priority 1: Poorly-known species,added,,,
Leichhardtia racemosa,,Leichhardtia racemosa,Priority 1: Poorly-known species,added,,,
Lemphoria humistrata,,,Priority 1: Poorly-known species,added,,,
Lepidium sp. Stirling Range (S. Barrett 1359) PN,,Lepidium sp. Stirling Range (S.Barrett 1359),Priority 2: Poorly-known species,added,,,
Lepidosperma sp. Kambalda (A.A. Mitchell 5156) PN,,Lepidosperma sp. Kambalda (A.A.Mitchell 5156),Priority 2: Poorly-known species,added,,,
Leucopogon kirupensis,Kirup Beard-heath,Leucopogon kirupensis,Priority 2: Poorly-known species,added,,,
Leucopogon sp. Cascades (M. Hislop 3693),,Leucopogon sp. Cascades (M.Hislop 3693),Priority 1: Poorly-known species,added,,,
Levenhookia preissii,Preiss's Stylewort,Levenhookia preissii,Priority 1: Poorly-known species,added,,,
Lindernia sp. Minute-flowered (A.S. George 12433),,,Priority 2: Poorly-known species,added,,,
Lindernia sp. Pilbara (M.N. Lyons & L. Lewis FV 1069),,Lindernia sp. Pilbara (M.N.Lyons & L.Lewis FV 1069),Priority 1: Poorly-known species,added,,,
Lysiandra baeckeoides,,,Priority 3: Poorly-known species,added,,,
Lysiandra fuernrohrii,,,Priority 3: Poorly-known species,added,,,
Lysiandra indigoferoides,,,Priority 1: Poorly-known species,added,,,
Machaerina ascendens,,,Priority 2: Poorly-known species,added,,,
Microcorys elatoides,Mount Holland Microcorys,Microcorys elatoides,Priority 1: Poorly-known species,added,,,
Microcorys sp. Great Victoria Desert (J. Alford s.n. PERTH 09041567) PN,,,Priority 2: Poorly-known species,added,,,
Microcorys sp. Mt Holland broad-leaf (G. Barrett s.n. PERTH 04104927),,,Priority 1: Poorly-known species,added,,,
Microcorys sp. Parker Range (C. Hancock s.n. PERTH 09215123) PN,,,Priority 2: Poorly-known species,added,,,
Microcorys wilsoniana,,Microcorys wilsoniana,Priority 1: Poorly-known species,added,,,
Micromyrtus racemosa var. Jingemarra (R.J. Cranfield 5253a) PN,,Micromyrtus racemosa var. Jingemarra (R.J.Cranfield 5253a),Priority 2: Poorly-known species,added,,,
Mirbelia sp. Zuytdorp (G.J. Keighery & N. Gibson 1688) PN,,Mirbelia sp. Zuytdorp (G.J.Keighery & N.Gibson 1688),Priority 1: Poorly-known species,added,,,
Morelotia australiensis,,Morelotia australiensis,Vulnerable,added,,,
Murdannia sp. Top End (G.M. Chippendale 7726) PN,,Murdannia sp. Top End (G.M.Chippendale 7726),Priority 1: Poorly-known species,added,,,
Netrostylis sp. Blackwood River (A.R. Annels 3043) PN,,,Priority 3: Poorly-known species,added,,,
Netrostylis sp. Chandala (G.J. Keighery 17055) PN,,,Priority 2: Poorly-known species,added,,,
Netrostylis sp. Nannup (P.A. Jurjevich 1133) PN,,,Priority 1: Poorly-known species,added,,,
Netrostylis sp. Warren (M. McCallum Webster 23/2/1979) PN,,,Priority 1: Poorly-known species,added,,,
Nicotiana salina,,,Priority 1: Poorly-known species,added,,,
Nymphaea carpentariae,,Nymphaea carpentariae,Priority 1: Poorly-known species,added,,,
Olearia adpressa,Northampton Daisy Bush,Olearia adpressa,Priority 1: Poorly-known species,added,,,
Olearia sp. Jerramungup (E.M. Sandiford 2528) PN,,,Priority 1: Poorly-known species,added,,,
Olearia strigosa,Bristly Daisy Bush,Olearia strigosa,Priority 3: Poorly-known species,added,,,
Paracaleana ferricola,,Paracaleana ferricola,Priority 2: Poorly-known species,added,,,
Paranotis halfordii,,Paranotis halfordii,Priority 3: Poorly-known species,added,,,
Paranotis sp. Pilbara (H. Ajduk HAOP04a) PN,,,Priority 1: Poorly-known species,added,,,
Phebalium sp. Yerilgee Sandplain (J. Jackson 223),,Phebalium sp. Yerilgee Sandplain (J.Jackson 223),Priority 2: Poorly-known species,added,,,
Philotheca richardsoniana,Richardson's Philotheca,Philotheca richardsoniana,Priority 2: Poorly-known species,added,,,
Pimelea cruciata,Tarin Rock Banjine,Pimelea cruciata,Priority 1: Poorly-known species,added,,,
Portulaca sp. Kununurra (M.D. Barrett MDB 5981) PN,,,Priority 1: Poorly-known species,added,,,
Pterostylis faceta,,Pterostylis faceta,Priority 3: Poorly-known species,added,,,
Pterostylis neopolyphylla,,,Priority 2: Poorly-known species,added,,,
Pterostylis saxum,,Pterostylis saxum,Priority 2: Poorly-known species,added,,,
Pterostylis tylosa,,Pterostylis tylosa,Priority 2: Poorly-known species,added,,,
Ptilotus crinitus,,,Priority 1: Poorly-known species,added,,,
Ptilotus daphneae,,,Priority 1: Poorly-known species,added,,,
Ptilotus royceanus,,Ptilotus royceanus,Priority 1: Poorly-known species,added,,,
Ptilotus sp. Cue (P. Armstrong PA 16/362) PN,,Ptilotus sp. Cue (P.Armstrong PA 16/362),Priority 1: Poorly-known species,added,,,
Ptilotus sp. Kalgoorlie (J. Jackson & B. Moyle 260) PN,,Ptilotus sp. Kalgoorlie (J.Jackson & B.Moyle 260),Priority 1: Poorly-known species,added,,,
Ptilotus sp. Kookynie (J. Jackson & B. Moyle 261) PN,,Ptilotus sp. Kookynie (J.Jackson & B.Moyle 261),Priority 1: Poorly-known species,added,,,
Pultenaea sp. Mt Lesueur (J.S. Beard 7827) PN,,Pultenaea sp. Mt Lesueur (J.S.Beard 7827),Priority 2: Poorly-known species,added,,,
Quoya zonalis,Pilbara Foxglove,Quoya zonalis,Endangered,added,,,
"Rhodanthe sp. Yuna (G.J. Keighery, B.J. Keighery & B. Moyle 2820) PN",,"Rhodanthe sp. Yuna (G.J.Keighery, B.J.Keighery & B.Moyle 2820)",Priority 3: Poorly-known species,added,,,
Ricinocarpos digynus,Andrea's Wedding Bush,Ricinocarpos digynus,Priority 1: Poorly-known species,added,,,
Rorippa sp. Fortescue Valley (M.N. Lyons & R.A. Coppen FV 0760),,Rorippa sp. Fortescue Valley (M.N.Lyons & R.A.Coppen FV 0760),Priority 1: Poorly-known species,added,,,
Rytidosperma racemosum var. racemosum,,Rytidosperma racemosum var. racemosum,Priority 2: Poorly-known species,added,,,
Schoenus coultasii,Pilbara Annual Bog-rush,Schoenus coultasii,Priority 1: Poorly-known species,added,,,
Scholtzia bellairsiorum,,Scholtzia bellairsiorum,Priority 3: Poorly-known species,added,,,
Scholtzia brevistylis subsp. brevistylis,,Scholtzia brevistylis subsp. brevistylis,Priority 1: Poorly-known species,added,,,
Scholtzia brevistylis subsp. prowaka,,Scholtzia brevistylis subsp. prowaka,Priority 2: Poorly-known species,added,,,
Scholtzia calcicola,Tiny-flowered Scholtzia,Scholtzia calcicola,Priority 2: Poorly-known species,added,,,
Scholtzia cordata,,Scholtzia sp. Yuna (C.A.Gardner 14286),Priority 2: Poorly-known species,added,,,
Scholtzia corrugata,,Scholtzia corrugata,Priority 2: Poorly-known species,added,,,
Scholtzia halophila subsp. meridionalis,,Scholtzia halophila subsp. meridionalis,Priority 2: Poorly-known species,added,,,
Scholtzia halophila subsp. mortlockensis,,Scholtzia halophila subsp. mortlockensis,Priority 3: Poorly-known species,added,,,
Scholtzia inaequalis,,Scholtzia inaequalis,Priority 2: Poorly-known species,added,,,
Scholtzia kalbarri,,Scholtzia kalbarri,Priority 2: Poorly-known species,added,,,
Scholtzia laciniata,Ragged-leaved Scholtzia,Scholtzia laciniata,Priority 2: Poorly-known species,added,,,
Scholtzia longipedata subsp. procera,,Scholtzia longipedata subsp. procera,Priority 3: Poorly-known species,added,,,
Scholtzia multiflora,,Scholtzia multiflora,Priority 1: Poorly-known species,added,,,
Scholtzia oleosa,,Scholtzia oleosa,Priority 3: Poorly-known species,added,,,
Scholtzia peltigera,Eurardy Scholtzia,Scholtzia peltigera,Priority 1: Poorly-known species,added,,,
Scholtzia prostrata,Creeping Scholtzia,Scholtzia prostrata,Priority 3: Poorly-known species,added,,,
Scholtzia quindecim,Gunyidi Scholtzia,Scholtzia quindecim,Priority 2: Poorly-known species,added,,,
Scholtzia recurva,,Scholtzia recurva,Priority 1: Poorly-known species,added,,,
Scholtzia subsessilis,Billeranga Scholtzia,Scholtzia subsessilis,Priority 1: Poorly-known species,added,,,
Scholtzia tenuissima,Delicate Scholtzia,Scholtzia tenuissima,Priority 2: Poorly-known species,added,,,
Scholtzia thinicola,Dune Scholtzia,Scholtzia thinicola,Priority 1: Poorly-known species,added,,,
Scholtzia truncata,,Scholtzia truncata,Priority 2: Poorly-known species,added,,,
Scholtzia uniflora,,Scholtzia uniflora,Priority 2: Poorly-known species,added,,,
Scleroschoenus glabrispiculus,,Scleroschoenus glabrispiculus,Priority 3: Poorly-known species,added,,,
Scleroschoenus quadricostatus,,Scleroschoenus quadricostatus,Priority 1: Poorly-known species,added,,,
Scleroschoenus ramosus,,Scleroschoenus ramosus,Priority 3: Poorly-known species,added,,,
Sida sp. R (P. Copley 1390),,Sida sp. R (P.Copley 1390),Priority 1: Poorly-known species,added,,,
Solanum octona,,,Priority 2: Poorly-known species,added,,,
Solanum sp. W Hamersley Range (S. Colwill & B. Duncan LCR99-01) PN,,,Priority 1: Poorly-known species,added,,,
Stachystemon exilis,Slender Stachystemon,Stachystemon exilis,Priority 1: Poorly-known species,added,,,
Stackhousia muricata subsp. Perennial (W.R. Barker 3641) PN,,,Priority 3: Poorly-known species,added,,,
Stenanthemum sp. Eganu (S. Patrick 4537) PN,,,Priority 2: Poorly-known species,added,,,
Stenanthera localis,Rare Flame Heath,Stenanthera localis,Critically Endangered,added,,,
Streptoglossa sp. Cracking clays (S. van Leeuwen et al. PBS 7353) PN,,Streptoglossa sp. Cracking clays (S.van Leeuwen et al. PBS 7353),Priority 3: Poorly-known species,added,,,
Streptoglossa sp. South Coast (R.M. Hoggart 16/1113) PN,,,Priority 2: Poorly-known species,added,,,
Stylidium daphneae,,,Priority 2: Poorly-known species,added,,,
Stylidium milleri,,,Priority 2: Poorly-known species,added,,,
Stylidium perizoster,,,Priority 3: Poorly-known species,added,,,
Stylidium shepherdianum,Shepherd's Boomerang Triggerplant,Stylidium shepherdianum,Priority 2: Poorly-known species,added,,,
Styphelia allittii,,Leucopogon allittii,Priority 3: Poorly-known species,added,,,
Styphelia angustiflora,,Styphelia angustiflora,Priority 2: Poorly-known species,added,,,
Styphelia blackallii,,,Priority 2: Poorly-known species,added,,,
Styphelia blepharolepis,,Leucopogon blepharolepis,"Priority 4: Rare, Near Threatened",added,,,
Styphelia brevicuspis,,Leucopogon brevicuspis,Priority 2: Poorly-known species,added,,,
Styphelia capillaris,Horts' Styphelia,Styphelia capillaris,Critically Endangered,added,,,
Styphelia carolineae,,,Priority 2: Poorly-known species,added,,,
Styphelia caudata,,,Priority 3: Poorly-known species,added,,,
Styphelia cernua,,Styphelia cernua,Priority 2: Poorly-known species,added,,,
Styphelia chlorantha,,Styphelia chlorantha,Priority 2: Poorly-known species,added,,,
Styphelia cymbiformis,,Leucopogon cymbiformis,Priority 2: Poorly-known species,added,,,
Styphelia deserticola,,Styphelia deserticola,Priority 2: Poorly-known species,added,,,
Styphelia disjuncta,,Styphelia disjuncta,Vulnerable,added,,,
Styphelia exarata,,,Priority 1: Poorly-known species,added,,,
Styphelia graniticola,,,Priority 2: Poorly-known species,added,,,
Styphelia inopinata,,Styphelia inopinata,Priority 1: Poorly-known species,added,,,
Styphelia intricata,,,Priority 2: Poorly-known species,added,,,
Styphelia lanata,,Styphelia lanata,Extinct,added,,,
Styphelia marginata,,Styphelia marginata,Endangered,added,,,
Styphelia multiflora,,Leucopogon multiflorus,Priority 2: Poorly-known species,added,,,
Styphelia obtecta,Hidden Beard-heath,Leucopogon obtectus,Endangered,added,,,
Styphelia pogonocalyx,,Leucopogon pogonocalyx,"Priority 4: Rare, Near Threatened",added,,,
Styphelia psilopus,,Styphelia psilopus,Priority 2: Poorly-known species,added,,,
Styphelia quartzitica,,Styphelia quartzitica,Priority 2: Poorly-known species,added,,,
Styphelia rectiloba,,Styphelia rectiloba,Priority 3: Poorly-known species,added,,,
Styphelia rotundifolia,,Leucopogon rotundifolius,Priority 3: Poorly-known species,added,,,
Styphelia saxicola,,Styphelia saxicola,Priority 3: Poorly-known species,added,,,
Styphelia sp. Dumbleyung (A.J.G. Wilson 146),,Styphelia sp. Dumbleyung (A.J.G.Wilson 146),Priority 3: Poorly-known species,added,,,
Styphelia sp. Kirkalocka (A.S. George 17738) PN,,,Priority 1: Poorly-known species,added,,,
Styphelia sp. Wandoo (F. & J. Hort 2441),,Styphelia sp. Wandoo (F. & J.Hort 2441),Priority 2: Poorly-known species,added,,,
Styphelia sp. Watheroo (M. Hislop 4324) PN,,,Priority 2: Poorly-known species,added,,,
Styphelia sulcata,,Styphelia sulcata,Priority 1: Poorly-known species,added,,,
Styphelia tamminensis,,Leucopogon tamminensis,Priority 3: Poorly-known species,added,,,
Styphelia undulata,,,Priority 2: Poorly-known species,added,,,
Swainsona disjuncta,,Swainsona disjuncta,Priority 1: Poorly-known species,added,,,
Swainsona katjarra,,Swainsona katjarra,Priority 1: Poorly-known species,added,,,
Swainsona picta,,,Priority 1: Poorly-known species,added,,,
Swainsona sp. Burnerbinmah (D. Edinger et al. 38) PN,,Swainsona sp. Burnerbinmah (D.Edinger et al. 38),Priority 1: Poorly-known species,added,,,
Synaphea sp. Jilakin Flat Rocks Rd (R. Butcher et. al RB200) PN,,Synaphea sp. Jilakin Flat Rocks Rd (R.Butcher et al. RB200),Priority 1: Poorly-known species,added,,,
Synostemon arenosus,,,Priority 3: Poorly-known species,added,,,
Synostemon rigidulus,,Synostemon rigidulus,Priority 3: Poorly-known species,added,,,
Tecticornia enodis,Smooth-seeded Samphire,Tecticornia enodis,Priority 1: Poorly-known species,added,,,
Tephrosia cardiophylla,Romantic Tephrosia,Tephrosia cardiophylla,Priority 1: Poorly-known species,added,,,
Tephrosia cowiei,,Tephrosia cowiei,Priority 1: Poorly-known species,added,,,
Tephrosia funicularis,,Tephrosia funicularis,Priority 3: Poorly-known species,added,,,
Tephrosia lithosperma,,Tephrosia lithosperma,Priority 1: Poorly-known species,added,,,
Tephrosia sabulosa,,,Priority 1: Poorly-known species,added,,,
Teucrium diabolicum,Devil's Germander,Teucrium diabolicum,Priority 3: Poorly-known species,added,,,
Thelymitra porphyrosticta,Curly-locks,Thelymitra spiralis,Priority 2: Poorly-known species,added,,,
Themeda sp. Panorama (J. Nelson et al. NS 102) PN,,,Priority 1: Poorly-known species,added,,,
Thomasia julietiae,Juliet's Thomasia,Thomasia julietiae,Priority 1: Poorly-known species,added,,,
Thomasia x formosa,,Thomasia x formosa,Priority 1: Poorly-known species,added,,,
Thryptomene planiflora,Goldfields Laceflower,Thryptomene planiflora,Priority 1: Poorly-known species,added,,,
Thysanotus kalbarriensis,,Thysanotus sp. Kalbarri (D. & B.Bellairs 1523 A),Priority 2: Poorly-known species,added,,,
Thysanotus sp. Ennuin (N. Gibson & M. Lyons 2665),,Thysanotus sp. Ennuin (N.Gibson & M.Lyons 2665),Priority 1: Poorly-known species,added,,,
Thysanotus sp. Mount Madden (G.F. Craig 10516),,Thysanotus sp. Mount Madden (G.F.Craig 10516),Priority 1: Poorly-known species,added,,,
Thysanotus sp. Yellowdine (A.S. George 6040),,Thysanotus sp. Yellowdine (A.S.George 6040),Priority 2: Poorly-known species,added,,,
Trachymene oleracea subsp. sedimentum,,,Priority 1: Poorly-known species,added,,,
Tricostularia davisii,Davis’ Tricostularia,Tricostularia davisii,Priority 3: Poorly-known species,added,,,
Tricostularia drummondii,Drummond’s Tricostularia,Tricostularia drummondii,Priority 3: Poorly-known species,added,,,
Tricostularia lepschii,Lepschi’s Tricostularia,Tricostularia lepschii,Priority 2: Poorly-known species,added,,,
Tricostularia sandifordiana,Sandiford’s Tricostularia,Tricostularia sandifordiana,Priority 3: Poorly-known species,added,,,
"Tricostularia sp. Mogumber (A. Harris s.n., 23/12/2015) PN",,"Tricostularia sp. Mogumber (A.Harris s.n., 23/12/2015)",Priority 2: Poorly-known species,added,,,
Tricostularia sp. Porongurup (I. Abbott 18) PN,,Tricostularia sp. Porongurup (I.Abbott 18),Priority 1: Poorly-known species,added,,,
Tricostularia sp. Two Peoples Bay (G. Wardell-Johnson GWJ 114) PN,,Tricostularia sp. Two Peoples Bay (G.Wardell-Johnson GWJ 114),Priority 2: Poorly-known species,added,,,
Triodia pisoliticola,Mesa Spinifex,Triodia pisoliticola,Priority 3: Poorly-known species,added,,,
Triodia sp. Silvergrass (P.-L. de Kock BES 00808),,Triodia sp. Silvergrass (P.-L.de Kock BES 00808),Priority 1: Poorly-known species,added,,,
Triodia veniciae,Roy Hill Spinifex,Triodia veniciae,Priority 1: Poorly-known species,added,,,
Typhonium sp. Middle Creek (M.D. Barrett MDB 3246) PN,,Typhonium sp. Middle Creek (M.D.Barrett MDB 3246),Priority 1: Poorly-known species,added,,,
Utricularia baliboongarnang,,,Priority 2: Poorly-known species,added,,,
Utricularia oppositiflora,Fairy Aprons,Utricularia dichotoma,Priority 3: Poorly-known species,added,,,
Vallisneria sp. Weelarrana (M.N. Lyons & S.D. Lyons 3050),,Vallisneria sp. Weelarrana (M.N.Lyons & S.D.Lyons 3050),Priority 1: Poorly-known species,added,,,
Verticordia elizabethiae,Elizabeth's Featherflower,Verticordia elizabethiae,Priority 1: Poorly-known species,added,,,
Vincetoxicum polyanthum,Coast Tylophora,Tylophora benthamii,Priority 1: Poorly-known species,added,,,
Wurmbea sp. Muggon (T.D. Macfarlane & R. Davis TDM 3336),,Wurmbea sp. Muggon (T.D.Macfarlane & R.Davis TDM 3336),Priority 1: Poorly-known species,added,,,
Acrocephalus orientalis,Oriental Reed-warbler,Acrocephalus (Acrocephalus) orientalis,Migratory,added,,,
Anous stolidus,Common Noddy,Anous stolidus,Migratory,added,,,
Anoxypristis cuspidata,Narrow Sawfish,Anoxypristis cuspidata,Migratory,added,,,
Apus pacificus,Fork-tailed Swift,Apus (Apus) pacificus,Migratory,added,,,
Ardenna grisea,Sooty Shearwater,Ardenna grisea,Migratory,added,,,
Ardenna pacifica,Wedge-tailed Petrel,Ardenna pacifica,Migratory,added,,,
Ardenna tenuirostris,Short-tailed Shearwater,Ardenna tenuirostris,Migratory,added,,,
Arenaria interpres,Ruddy Turnstone,Arenaria interpres,Migratory,added,,,
Aspidites ramsayi (southwest subpopulation),Woma,Aspidites ramsayi,Priority 1: Poorly-known species,added,,,
Balaenoptera bonaerensis,Antarctic Minke Whale,Balaenoptera bonaerensis,Migratory,added,,,
Balaenoptera edeni,Bryde's Whale,Balaenoptera edeni,Migratory,added,,,
Bulweria bulwerii,Bulwer's Petrel,Bulweria bulwerii,Migratory,added,,,
Calidris acuminata,Sharp-tailed Sandpiper,Calidris (Erolia) acuminata,Migratory,added,,,
Calidris alba,Sanderling,Calidris (Crocethia) alba,Migratory,added,,,
Calidris melanotos,Pectoral Sandpiper,Calidris (Erolia) melanotos,Migratory,added,,,
Calidris ruficollis,Red-necked Stint,Calidris (Ereunetes) ruficollis,Migratory,added,,,
Calidris subminuta,Long-toed Stint,Calidris (Ereunetes) subminuta,Migratory,added,,,
Calonectris leucomelas,Streaked Shearwater,Calonectris leucomelas,Migratory,added,,,
Caperea marginata,Pygmy Right Whale,Caperea marginata,Migratory,added,,,
Carcharhinus falciformis,Silky Shark,Carcharhinus falciformis,Migratory,added,,,
Cecropis daurica,Red-rumped Swallow,Cecropis daurica,Migratory,added,,,
Cetorhinus maximus,Basking Shark,Cetorhinus maximus,Migratory,added,,,
Chaeropus yirratji ,Yirratji,Chaeropus yirratji,Extinct,added,,,
Charadrius bicinctus,Double-banded Plover,Charadrius (Charadrius) bicinctus,Migratory,added,,,
Charadrius dubius,Little Ringed Plover,Charadrius (Charadrius) dubius,Migratory,added,,,
Charadrius veredus,Oriental Plover,Charadrius (Eupoda) veredus,Migratory,added,,,
Chlidonias leucopterus,White-winged Tern,Chlidonias (Chlidonias) leucopterus,Migratory,added,,,
Ctenotus gemmula (Swan Coastal Plain subpopulation),Jewelled South-west Ctenotus,Ctenotus gemmula,Priority 3: Poorly-known species,added,,,
Cuculus optatus,Oriental Cuckoo,Cuculus optatus,Migratory,added,,,
Diomedea antipodensis,Antipodean Albatross,Diomedea antipodensis,Migratory,added,,,
Fregata andrewsi,Christmas Island Frigatebird,Fregata andrewsi,Migratory,added,,,
Fregata ariel,Lesser Frigatebird,Fregata ariel,Migratory,added,,,
Fregata minor,Greater Frigatebird,Fregata minor,Migratory,added,,,
Gallinago hardwickii,Japanese Snipe,Gallinago (Gallinago) hardwickii,Migratory,added,,,
Gallinago megala,Swinhoe's Snipe,Gallinago (Gallinago) megala,Migratory,added,,,
Gallinago stenura,Pin-tailed Snipe,Gallinago (Gallinago) stenura,Migratory,added,,,
Gelochelidon nilotica,Gull-billed Tern,Gelochelidon nilotica,Migratory,added,,,
Glareola maldivarum,Oriental Pratincole,Glareola (Glareola) maldivarum,Migratory,added,,,
Hirundapus caudacutus,White-throated Needletail,Hirundapus caudacutus,Migratory,added,,,
Hirundo rustica,Barn Swallow,Hirundo (Hirundo) rustica,Migratory,added,,,
Hydrobates matsudairae,Matsudaira's Storm-petrel,Hydrobates matsudairae,Migratory,added,,,
Hydrobates monorhis,Swinhoe's Storm-petrel,Hydrobates monorhis,Migratory,added,,,
Hydroprogne caspia,Caspian Tern,Hydroprogne caspia,Migratory,added,,,
Idiosoma castellum,,Idiosoma castellum,"Priority 4: Rare, Near Threatened",added,,,
Isurus oxyrinchus,Mako Shark,Isurus oxyrinchus,Migratory,added,,,
Isurus paucus,Longfin Mako,Isurus paucus,Migratory,added,,,
Ixobrychus flavicollis australis (southwest subpopulation),,Ixobrychus flavicollis australis,Priority 2: Poorly-known species,added,,,
Lagenodelphis hosei,Fraser's Dolphin,Lagenodelphis hosei,Migratory,added,,,
Lagenorhynchus obscurus,Dusky Dolphin,Lagenorhynchus obscurus,Migratory,added,,,
Lamna nasus,Mackerel Shark,Lamna nasus,Migratory,added,,,
Limicola falcinellus,Broad-billed Sandpiper,Limicola falcinellus,Migratory,added,,,
Limnodromus semipalmatus,Asian Dowitcher,Limnodromus semipalmatus,Migratory,added,,,
Limosa lapponica,Bar-tailed Godwit,Limosa lapponica,Migratory,added,,,
Limosa limosa,Black-tailed Godwit,Limosa limosa,Migratory,added,,,
Macronectes giganteus,Southern Giant-petrel,Macronectes giganteus,Migratory,added,,,
Macronectes halli,Northern Giant-petrel,Macronectes halli,Migratory,added,,,
Mobula alfredi ,Coastal Manta Ray,Mobula alfredi,Migratory,added,,,
Mobula birostris ,Giant Manta Ray,Mobula birostris,Migratory,added,,,
Mobula eregoodoo ,Pygmy Devilray,Mobula eregoodoo,Migratory,added,,,
Mobula thurstoni,Bentfin Devilray,Mobula thurstoni,Migratory,added,,,
Motacilla cinerea,Grey Wagtail,Motacilla (Calobates) cinerea,Migratory,added,,,
Motacilla flava,Yellow Wagtail,Motacilla flava,Migratory,added,,,
Ninox connivens connivens (southwest subpopulation),Barking Owl (southwest Subpop.),Ninox (Hieracoglaux) connivens connivens,Priority 3: Poorly-known species,added,,,
Numenius minutus,Little Whimbrel,Numenius (Mesoscolopax) minutus,Migratory,added,,,
Numenius phaeopus,Whimbrel,Numenius (Phaeopus) phaeopus,Migratory,added,,,
Oceanites oceanicus,Wilson's Storm Petrel,Oceanites oceanicus,Migratory,added,,,
Onychoprion anaethetus,Bridled Tern,Onychoprion anaethetus,Migratory,added,,,
Orcinus orca,Orca,Orcinus orca,Migratory,added,,,
Pandion haliaetus,Osprey,Pandion haliaetus,Migratory,added,,,
Petrogale lateralis centralis,Warru (central Australian Rock-wallaby),Petrogale lateralis centralis,Vulnerable,added,,,
Petrogale lateralis kimberleyensis,Wiliji,Petrogale lateralis kimberleyensis,Endangered,added,,,
Phaethon lepturus,White-tailed Tropicbird,Phaethon lepturus,Migratory,added,,,
Phalaropus lobatus,Red-necked Phalarope,Phalaropus lobatus,Migratory,added,,,
Phaps elegans (Abrolhos subpopulation),Brush Bronzewing,Phaps (Phaps) elegans,"Priority 4: Rare, Near Threatened",added,,,
Philomachus pugnax,Ruff (reeve),Philomachus pugnax,Migratory,added,,,
Plegadis falcinellus,Black Curlew,Plegadis falcinellus,Migratory,added,,,
Pluvialis fulva,Pacific Golden Plover,Pluvialis fulva,Migratory,added,,,
Pluvialis squatarola,Grey Plover,Pluvialis squatarola,Migratory,added,,,
Rhinonicteris aurantia (Pilbara form),Pilbara Leaf-nosed Bat,Rhinonicteris aurantia (Pilbara form),Vulnerable,added,,,
Spatula querquedula,Garganey,Spatula querquedula,Migratory,added,,,
Stenella attenuata,Pantropical Spotted Dolphin,Stenella attenuata,Migratory,added,,,
Stercorarius longicaudus,Long-tailed Skua,Stercorarius longicaudus,Migratory,added,,,
Stercorarius maccormicki,South Polar Skua,Stercorarius maccormicki,Migratory,added,,,
Stercorarius parasiticus,Arctic Skua,Stercorarius parasiticus,Migratory,added,,,
Stercorarius pomarinus,Pomarine Skua,Stercorarius pomarinus,Migratory,added,,,
Sterna dougallii,Roseate Tern,Sterna (Sterna) dougallii,Migratory,added,,,
Sterna hirundo,Common Tern,Sterna (Sterna) hirundo,Migratory,added,,,
Sterna paradisaea,Arctic Tern,Sterna (Sterna) paradisaea,Migratory,added,,,
Sterna sumatrana,Black-naped Tern,Sterna (Gygisterna) sumatrana,Migratory,added,,,
Sternula albifrons,Little Tern,Sternula albifrons,Migratory,added,,,
Sula dactylatra,Masked Gannet,Sula dactylatra,Migratory,added,,,
Sula leucogaster,Brown Booby,Sula leucogaster,Migratory,added,,,
Sula sula,Red-footed Booby,Sula sula,Migratory,added,,,
Teyl sp. (MYG693),,,Critically Endangered,added,,,
Thalasseus bergii,Crested Tern,Thalasseus bergii,Migratory,added,,,
Thinornis cucullatus,Hooded Plover,Thinornis cucullatus,"Priority 4: Rare, Near Threatened",added,,,
Trichosurus vulpecula arnhemensis,Northern Brushtail Possum (kimberley),Trichosurus vulpecula arnhemensis,Vulnerable,added,,,
Tringa glareola,Wood Sandpiper,Tringa (Rhyacophilus) glareola,Migratory,added,,,
Tringa nebularia,Greenshank,Tringa (Glottis) nebularia,Migratory,added,,,
Tringa stagnatilis,Marsh Sandpiper,Tringa (Rhyacophilus) stagnatilis,Migratory,added,,,
Tringa totanus,Common Redshank,Tringa (Totanus) totanus,Migratory,added,,,
Tursiops aduncus,Long-beaked Bottle-nosed Dolphin,Tursiops aduncus,Migratory,added,,,
Xenus cinereus,Terek Sandpiper,Xenus cinereus,Migratory,added,,,
Leucopogon sp. Ongerup (A.S. George 16682),,,,removed,,Leucopogon sp. Ongerup (A.S.George 16682),Vulnerable
Chamelaucium sp. Gingin (N.G. Marchant 6),,,,removed,Gingin Wax,Chamelaucium sp. Gingin (N.G.Marchant 6),Vulnerable
Tetraria australiensis,,,,removed,Southern Tetraria,Tetraria australiensis,Vulnerable
Chamelaucium sp. S coastal plain (R.D.Royce 4872),,,,removed,Royce's Waxflower,Chamelaucium sp. S coastal plain (R.D.Royce 4872),Vulnerable
Petrogale lateralis subsp. (MacDonnell Ranges),,,,removed,Black-footed Rock-wallaby (macdonnell Ranges),Petrogale lateralis subsp. (MacDonnell Ranges),Vulnerable
Rhinonicteris aurantia (Pilbara),,,,removed,Orange Leaf-nosed Bat,Rhinonicteris aurantia,Vulnerable
Trichosurus vulpecula arnhemensis (Kimberley),,,,removed,Northern Brushtail Possum (kimberley),Trichosurus vulpecula arnhemensis,Vulnerable
Eucalyptus formanii,,,,removed,Formans Mallee,Eucalyptus formanii,WA Priority 4
Eucalyptus nigrifunda,,,,removed,Desert Wandoo,Eucalyptus nigrifunda,WA Priority 4
Goodenia nuda,,,,removed,,Goodenia nuda,WA Priority 4
Boronia crenulata var. angustifolia,,,,removed,,Boronia crenulata var. angustifolia,WA Priority 4
Eucalyptus erectifolia,,,,removed,Stirling Range Mallee,Eucalyptus erectifolia,WA Priority 4
Leucopogon pogonocalyx,,,,removed,,Leucopogon pogonocalyx,WA Priority 4
Asplenium obtusatum subsp. northlandicum,,,,removed,Shore Spleenwort,Asplenium obtusatum subsp. northlandicum,WA Priority 4
Banksia densa var. parva,,,,removed,,Banksia densa var. parva,WA Priority 4
Leucopogon blepharolepis,,,,removed,,Leucopogon blepharolepis,WA Priority 4
Boronia tenuis,,,,removed,Blue Boronia,Boronia tenuis,WA Priority 4
Hibbertia montana,,,,removed,,Hibbertia montana,WA Priority 4
Verreauxia verreauxii,,,,removed,Spindly Verreauxia,Verreauxia verreauxii,WA Priority 4
Chamelaucium sp. Yoongarillup (G.J. Keighery 3635),,,,removed,,Chamelaucium sp. Yoongarillup (G.J.Keighery 3635),WA Priority 4
Calamphoreus inflatus,,,,removed,,Calamphoreus inflatus,WA Priority 4
Diocirea acutifolia,,,,removed,,Diocirea acutifolia,WA Priority 3
Eremophila annosocaulis,,,,removed,,Eremophila annosocaulis,WA Priority 3
Gunniopsis propinqua,,,,removed,,Gunniopsis propinqua,WA Priority 3
Leucopogon sp. Kambalda (J. Williams s.n. PERTH 07305028),,,,removed,,Leucopogon sp. Kambalda (J.Williams s.n. PERTH 07305028),WA Priority 3
Phyllanthus baeckeoides,,,,removed,,Phyllanthus baeckeoides,WA Priority 3
Phyllanthus fuernrohrii,,,,removed,Sand Spurge,Phyllanthus fuernrohrii,WA Priority 3
Eremophila platycalyx subsp. Yalgoo (A. Markey & S. Dillon 3337),,,,removed,,Eremophila platycalyx subsp. Yalgoo (A.Markey & S.Dillon 3337),WA Priority 3
Austrostipa blackii,,,,removed,Crested Spear-grass,Austrostipa blackii,WA Priority 3
Sauropus arenosus,,,,removed,,Sauropus arenosus,WA Priority 3
Diocirea microphylla,,,,removed,,Diocirea microphylla,WA Priority 3
Baeckea sp. Tammin (R. Coveny 8319 & B. Habberley),,,,removed,,Baeckea sp. Tammin (R.Coveny 8319 & B.Habberley),WA Priority 3
Styphelia sp. Bullfinch (M. Hislop 3574),,,,removed,,Styphelia sp. Bullfinch (M.Hislop 3574),WA Priority 3
Actinoschoenus glabrispiculus,,,,removed,Smooth Actinoschoenus,Actinoschoenus glabrispiculus,WA Priority 3
Actinoschoenus ramosus,,,,removed,Soft Actinoschoenus,Actinoschoenus ramosus,WA Priority 3
Corchorus sp. Fitzroy Crossing (A.J. Ewart s.n. PERTH 01526790),,,,removed,,Corchorus sp. Fitzroy Crossing (A.J.Ewart s.n. PERTH 01526790),WA Priority 3
Glycine lactovirens,,,,removed,,Glycine lactovirens,WA Priority 3
Heterachne gulliveri var. major,,,,removed,,Heterachne gulliveri var. major,WA Priority 3
Sauropus rigidulus,,,,removed,Shrubby Synostemon,Sauropus rigidulus,WA Priority 3
Seringia katatona,,,,removed,Red Dune Fire-bush,Seringia x katatona,WA Priority 3
Stylidium perizostera,,,,removed,,Stylidium perizostera,WA Priority 3
Tephrosia sp. Yampi (A.N. Start per R.L. Barrett RLB 2291),,,,removed,,Tephrosia sp. Yampi (A.N.Start per R.L.Barrett RLB 2291),WA Priority 3
Nicotiana heterantha,,,,removed,Broome Tobacco,Nicotiana heterantha,WA Priority 3
Scholtzia sp. Ajana (T.A. Halliday 137),,,,removed,,Scholtzia sp. Ajana (T.A.Halliday 137),WA Priority 3
Isopogon drummondii,,,,removed,,Isopogon drummondii,WA Priority 3
Hibbertia spicata subsp. leptotheca,,,,removed,,Hibbertia spicata subsp. leptotheca,WA Priority 3
Austrostipa sp. Cairn Hill (M.E. Trudgen 21176),,,,removed,,Austrostipa sp. Cairn Hill (M.E.Trudgen 21176),WA Priority 3
Leucopogon allittii,,,,removed,,Leucopogon allittii,WA Priority 3
Cryptandra sp. Cowcowing (Wittwer W 1210),,,,removed,,Cryptandra sp. Cowcowing (Wittwer W 1210),WA Priority 3
Leucopogon tamminensis var. tamminensis,,,,removed,,Leucopogon tamminensis var. tamminensis,WA Priority 3
Heliotropium muticum,,,,removed,,Heliotropium muticum,WA Priority 3
Indigofera sp. Bungaroo Creek (S. van Leeuwen 4301),,,,removed,,Indigofera sp. Bungaroo Creek (S.van Leeuwen 4301),WA Priority 3
Oldenlandia sp. Hamersley Station (A.A. Mitchell PRP 1479),,,,removed,,Oldenlandia sp. Hamersley Station (A.A.Mitchell PRP 1479),WA Priority 3
Pleurocarpaea gracilis,,,,removed,,Pleurocarpaea gracilis,WA Priority 3
Triodia sp. Robe River (M.E. Trudgen et al. MET 12367),,,,removed,,Triodia sp. Robe River (M.E.Trudgen et al. MET 12367),WA Priority 3
Eriochilus dilatatus subsp. orientalis,,,,removed,Eastern Bunny Orchid,Eriochilus dilatatus subsp. orientalis,WA Priority 3
Eucalyptus famelica,,,,removed,,Eucalyptus famelica,WA Priority 3
Leucopogon rotundifolius,,,,removed,,Leucopogon rotundifolius,WA Priority 3
Tetraria sp. Blackwood River (A.R. Annels 3043),,,,removed,,Tetraria sp. Blackwood River (A.R.Annels 3043),WA Priority 3
Goodenia sp. South Coast (A.R. Annels ARA1846),,,,removed,,Goodenia sp. South Coast (A.R. Annels ARA1846),WA Priority 3
Astroloma sp. Dumbleyung (A.J.G. Wilson 146),,,,removed,,Astroloma sp. Dumbleyung (A.J.G.Wilson 146),WA Priority 3
Baeckea sp. Hatter Hill (K.R. Newbey 3284),,,,removed,,Baeckea sp. Hatter Hill (K.R.Newbey 3284),WA Priority 3
Hydrocotyle sp. Crassipes (K.R. Newbey 7567),,,,removed,,Hydrocotyle sp. Crassipes (K.R.Newbey 7567),WA Priority 3
Teucrium sp. dwarf (R. Davis 8813),,,,removed,,Teucrium sp. dwarf (R.Davis 8813),WA Priority 3
Grevillea manglesii subsp. dissectifolia,,,,removed,,Grevillea manglesii subsp. dissectifolia,WA Priority 3
Grevillea bronwenae,,,,removed,,Grevillea bronwenae,WA Priority 3
Chamelaucium sp. Mt Frankland (A.S. George 11117),,,,removed,,Chamelaucium sp. Mt Frankland (A.S.George 11117),WA Priority 3
Chamelaucium sp. Walpole (P.G. Wilson 6318),,,,removed,,Chamelaucium sp. Walpole (P.G.Wilson 6318),WA Priority 3
Leptocarpus crassipes,,,,removed,,Leptocarpus crassipes,WA Priority 3
Tribonanthes sp. Lake Muir (G.J. Keighery & N. Gibson 2134),,,,removed,,Tribonanthes sp. Lake Muir (G.J.Keighery & N.Gibson 2134),WA Priority 3
Baeckea grandibracteata subsp. Parker Range (K. Newbey 9270),,,,removed,,Baeckea grandibracteata subsp. Parker Range (K.R.Newbey 9270),WA Priority 3
Baeckea sp. Elsewhere Road (M.E. Trudgen 5420),,,,removed,,Baeckea sp. Elsewhere Road (M.E.Trudgen 5420),WA Priority 3
Eucalyptus microschema,,,,removed,,Eucalyptus microschema,WA Priority 3
Leucopogon sp. Bungulla (R.D. Royce 3435),,,,removed,,Leucopogon sp. Bungulla (R.D.Royce 3435),WA Priority 3
Baeckea sp. Jaurdi Station (L.W. Sage & F. Hort 2229),,,,removed,,Baeckea sp. Jaurdi Station (L.W.Sage & F.Hort 2229),WA Priority 2
Physopsis chrysotricha,,,,removed,,Physopsis chrysotricha,WA Priority 2
Styphelia sp. Great Victoria Desert (N. Murdock 44),,,,removed,,Styphelia sp. Great Victoria Desert (N.Murdock 44),WA Priority 2
Newcastelia insignis,,,,removed,,Newcastelia insignis,WA Priority 2
Arthrostylis aphylla,,,,removed,,Arthrostylis aphylla,WA Priority 2
Cleome kenneallyi,,,,removed,,Cleome kenneallyi,WA Priority 2
Hybanthus bennettiae,,,,removed,Bennett's Violet,Hybanthus bennettiae,WA Priority 2
Liparis habenarina,,,,removed,Common Sphinx Orchid,Liparis habenarina,WA Priority 2
Baeckea sp. Three Springs (M.E. Trudgen 5368),,,,removed,,Baeckea sp. Three Springs (M.E.Trudgen 5368),WA Priority 2
Boronia ramosa subsp. lesueurana,,,,removed,,Boronia ramosa subsp. lesueurana,WA Priority 2
Calytrix platycheiridia,,,,removed,,Calytrix platycheiridia,WA Priority 2
Calytrix sp. Kennedy Range (A. Markey & S. Dillon 6301),,,,removed,,Calytrix sp. Kennedy Range (A.Markey & S.Dillon 6301),WA Priority 2
Dampiera sp. Jurien (G. Lullfitz s.n. 10/7/1986),,,,removed,,Dampiera sp. Jurien (G.Lullfitz s.n. 10/7/1986),WA Priority 2
Darwinia sp. Canna (R. Davis 11241),,,,removed,,Darwinia sp. Canna (R.Davis 11241),WA Priority 2
Geleznowia sp. Red Bluff (A. Crawford ADC 597),,,,removed,,Geleznowia sp. Red Bluff (A.Crawford ADC 597),WA Priority 2
Hemigenia pimelifolia,,,,removed,,Hemigenia pimelifolia,WA Priority 2
Hemigenia sp. Three Springs (S. Patrick 4043 A),,,,removed,,Hemigenia sp. Three Springs (S.Patrick 4043A),WA Priority 2
Leucopogon sp. Badgingarra (R. Davis 421),,,,removed,,Leucopogon sp. Badgingarra (R.Davis 421),WA Priority 2
Scholtzia sp. Coburn (N. Murdock NM 031),,,,removed,,Scholtzia sp. Coburn (N.Murdock NM 031),WA Priority 2
Scholtzia sp. East Yuna (A.C. Burns 6),,,,removed,,Scholtzia sp. East Yuna (A.C.Burns 6),WA Priority 2
Scholtzia sp. Eradu (R.D. Royce 8016),,,,removed,,Scholtzia sp. Eradu (R.D.Royce 8016),WA Priority 2
Scholtzia sp. Eurardy (J.S. Beard 6886),,,,removed,,Scholtzia sp. Eurardy (J.S.Beard 6886),WA Priority 2
Scholtzia sp. Galena (W.E. Blackall 4728),,,,removed,,Scholtzia sp. Galena (W.E.Blackall 4728),WA Priority 2
Scholtzia sp. Murchison River (A.S. George 7908),,,,removed,,Scholtzia sp. Murchison River (A.S.George 7908),WA Priority 2
Scholtzia sp. Ross Graham Lookout (S. Maley 6),,,,removed,,Scholtzia sp. Ross Graham Lookout (S.Maley 6),WA Priority 2
Scholtzia sp. Z-Bend (Bellairs-Kalflora 912a),,,,removed,,Scholtzia sp. Z-Bend (Bellairs-Kalflora 912a),WA Priority 2
Solanum octonum,,,,removed,,Solanum octonum,WA Priority 2
Thysanotus sp. Kalbarri (D. & B. Bellairs 1523 A),,,,removed,,Thysanotus sp. Kalbarri (D. & B.Bellairs 1523 A),WA Priority 2
Scholtzia sp. Gunyidi (J.D. Briggs 1721),,,,removed,,Scholtzia sp. Gunyidi (J.D.Briggs 1721),WA Priority 2
Arthropodium sp. Ironstone (J. Bull & J. Waters ONS PJ 36.01),,,,removed,,Arthropodium sp. Ironstone (J.Bull & J.Waters ONS PJ 36.01),WA Priority 2
Eremophila sp. Rudall River (P.G. Wilson 10512),,,,removed,,Eremophila sp. Rudall River (P.G.Wilson 10512),WA Priority 2
Baeckea sp. Mt Gibbs (G.F. Craig 7031),,,,removed,,Baeckea sp. Mt Gibbs (G.F.Craig 7031),WA Priority 2
Boronia acanthoclada,,,,removed,,Boronia acanthoclada,WA Priority 2
Chamelaucium sp. Cape Vancouver (B. Swainson & D. Davidson s.n. PERTH 01259660),,,,removed,,Chamelaucium sp. Cape Vancouver (B.Swainson & D.Davidson s.n. PERTH 01259660),WA Priority 2
Chamelaucium sp. Waychinicup (D. Davidson s.n. PERTH 01486527),,,,removed,,Chamelaucium sp. Waychinicup (D.Davidson s.n. PERTH 01486527),WA Priority 2
Eucalyptus litorea,,,,removed,Saline Mallee,Eucalyptus litorea,WA Priority 2
Gompholobium sp. Stirling Range (C.F. Wilkins et al. CW 2513),,,,removed,,Gompholobium sp. Stirling Range (C.F.Wilkins et al. CW 2513),WA Priority 2
Grevillea sp. Stirling Range (D.J. McGillivray 3488 & A.S. George),,,,removed,,Grevillea sp. Stirling Range (D.J.McGillivray 3488 & A.S.George),WA Priority 2
Hydrocotyle sp. Decipiens (G.J. Keighery 463),,,,removed,,Hydrocotyle sp. Decipiens (G.J.Keighery 463),WA Priority 2
Leucopogon cymbiformis,,,,removed,,Leucopogon cymbiformis,WA Priority 2
Leucopogon multiflorus,,,,removed,,Leucopogon multiflorus,WA Priority 2
Leucopogon psilopus,,,,removed,,Leucopogon psilopus,WA Priority 2
Leucopogon sp. Barren Range (A.S. George 10092),,,,removed,,Leucopogon sp. Barren Range (A.S.George 10092),WA Priority 2
Stylidium daphne,,,,removed,,Stylidium daphne,WA Priority 2
Velleia exigua,,,,removed,,Velleia exigua,WA Priority 2
Crassula colorata var. miriamiae,,,,removed,,Crassula colorata var. miriamae,WA Priority 2
Eucalyptus goniantha subsp. kynoura,,,,removed,Point Hillier Mallee,Eucalyptus goniantha subsp. kynoura,WA Priority 2
Astroloma sp. sessile leaf (J.L. Robson 657),,,,removed,,Astroloma sp. sessile leaf (J.L.Robson 657),WA Priority 2
Gastrolobium sp. Harvey (G.J. Keighery 16821),,,,removed,,Gastrolobium sp. Harvey (G.J.Keighery 16821),WA Priority 2
Grevillea manglesii subsp. ornithopoda,,,,removed,Birdsfoot Grevillea,Grevillea manglesii subsp. ornithopoda,WA Priority 2
Leucopogon sp. Bindoon (F. Hort 2766),,,,removed,,Leucopogon sp. Bindoon (F.Hort 2766),WA Priority 2
Paracaleana sp. Laterite (G. Brockman GBB 3571),,,,removed,,Paracaleana sp. Laterite (G.Brockman GBB 3571),WA Priority 2
Tetraria sp. Chandala (G.J. Keighery 17055),,,,removed,,Tetraria sp. Chandala (G.J.Keighery 17055),WA Priority 2
Hydrocotyle sp. Hamelinensis (G.J. Keighery s.n. PERTH 02391325),,,,removed,,Hydrocotyle sp. Hamelinensis (G.J. Keighery s.n. PERTH 02391325),WA Priority 2
Genus sp. Nillup (R.D. Royce 98),,,,removed,,Genus sp. Nillup (R.D.Royce 98),WA Priority 2
Leucopogon sp. Gingilup (N. Gibson & M. Lyons 590),,,,removed,,Leucopogon sp. Gingilup (N.Gibson & M.Lyons 590),WA Priority 2
Leucopogon sp. Kirup (M. Hislop 3919),,,,removed,,Leucopogon sp. Kirup (M.Hislop 3919),WA Priority 2
Carpobrotus pulcher,,,,removed,,Carpobrotus sp. Lateral Flowers (N.Gibson & M.Lyons 973),WA Priority 2
Chamelaucium sp. Nornalup (N.G. Marchant 76/125),,,,removed,,Chamelaucium sp. Nornalup (N.G.Marchant 76/125),WA Priority 2
Astroloma chloranthum,,,,removed,,Astroloma chloranthum,WA Priority 2
Austrostipa sp. Dowerin (G. Wiehl F 8004),,,,removed,,Austrostipa sp. Dowerin (G. Wiehl F 8004),WA Priority 2
Baeckea sp. Narembeen (G.J. Keighery & N. Gibson 3010),,,,removed,,Baeckea sp. Narembeen (G.J.Keighery & N.Gibson 3010),WA Priority 2
Banksia densa var. densa,,,,removed,,Banksia densa var. densa,WA Priority 2
Beyeria sp. Lake King (P.R. Jefferies 680514),,,,removed,,Beyeria sp. Lake King (P.R.Jefferies 680514),WA Priority 2
Boronia westringioides,,,,removed,,Boronia westringioides,WA Priority 2
Drummondita sp. Trayning (A.M. George 97),,,,removed,,Drummondita sp. Trayning (A.M.George 97),WA Priority 2
Hakea cygna subsp. needlei,,,,removed,,Hakea cygna subsp. needlei,WA Priority 2
Kunzea sp. Dragon Rocks (K. Kershaw KK 2184),,,,removed,,Kunzea sp. Dragon Rocks (K.Kershaw KK 2184),WA Priority 2
Tricostularia sp. Lake King (A.M. Coates 2298),,,,removed,,Tricostularia sp. Lake King (A.M.Coates 2298),WA Priority 2
Baeckea sp. Yacke Yackine Dam (K.R. Newbey 9195),,,,removed,,Baeckea sp. Yacke Yackine Dam (K.R.Newbey 9195),WA Priority 1
Cyathostemon sp. Mt Dimer (C. McChesney TRL 4/72),,,,removed,,Cyathostemon verrucosus,WA Priority 1
Dampiera sp. Jaurdi (D. Angus DA 268),,,,removed,,Dampiera sp. Jaurdi (D.Angus DA 268),WA Priority 1
Eremophila sp. Kalgoorlie (V. Clark & A. Brown VTC 590),,,,removed,,Eremophila sp. Kalgoorlie (V.Clark & A.Brown VTC 590),WA Priority 1
Grevillea sp. Koolyanobbing (W.P. Muir WPM 3344),,,,removed,,Grevillea sp. Koolyanobbing (W.P.Muir WPM 3344),WA Priority 1
Hibiscus sp. Carnarvon (S. van Leeuwen 5110),,,,removed,,Hibiscus sp. Carnarvon (S.van Leeuwen 5110),WA Priority 1
Ptilotus daphne,,,,removed,,Ptilotus daphne,WA Priority 1
Rhagodia sp. Yeelirrie Station (K.A. Shepherd et al. KS 1396),,,,removed,,Rhagodia sp. Yeelirrie Station (K.A. Shepherd et al. KS 1396),WA Priority 1
Ricinocarpos sp. Eastern Goldfields (A. Williams 3),,,,removed,,Ricinocarpos sp. Eastern Goldfields (A.Williams 3),WA Priority 1
Thryptomene sp. Londonderry (R.H. Kuchel 1763),,,,removed,,Thryptomene sp. Londonderry (R.H.Kuchel 1763),WA Priority 1
Tecticornia sp. Sunshine Lake (K.A. Shepherd et al. KS 867),,,,removed,,Tecticornia sp. Sunshine Lake (K.A.Shepherd et al. KS 867),WA Priority 1
Baeckea sp. Wialki (G.M. Storr s.n. 4/10/1958),,,,removed,,Baeckea sp. Wialki (G.M. Storr s.n. 4/10/1958),WA Priority 1
Verticordia sp. Koolyanobbing (B.H. Smith 1457),,,,removed,,Verticordia sp. Koolyanobbing (B.H.Smith 1457),WA Priority 1
Actinoschoenus quadricostatus,,,,removed,Four-ribbed Actinoschoenus,Actinoschoenus quadricostatus,WA Priority 1
Comesperma sp. A Kimberley Flora (D.W. Rust 8),,,,removed,,Comesperma sp. A Kimberley Flora (D.W.Rust 8),WA Priority 1
Desmodium flagellare,,,,removed,,Desmodium flagellare,WA Priority 1
Ectrosia lasioclada,,,,removed,,Ectrosia lasioclada,WA Priority 1
Fimbristylis pachyptera,,,,removed,,Fimbristylis pachyptera,WA Priority 1
Heliotropium aenigmatum,,,,removed,,Heliotropium aenigmatum,WA Priority 1
Heliotropium alcyonium,,,,removed,,Heliotropium alcyonium,WA Priority 1
Heliotropium apertum,,,,removed,,Heliotropium apertum,WA Priority 1
Heliotropium calvariavis,,,,removed,,Heliotropium calvariavis,WA Priority 1
Heliotropium cupressinum,,,,removed,,Heliotropium cupressinum,WA Priority 1
Heliotropium discorde,,,,removed,,Heliotropium discorde,WA Priority 1
Heliotropium foveolatum,,,,removed,,Heliotropium foveolatum,WA Priority 1
Heliotropium galioides,,,,removed,,Heliotropium galioides,WA Priority 1
Heliotropium geocharis,,,,removed,,Heliotropium geocharis,WA Priority 1
Heliotropium nesopelydum,,,,removed,,Heliotropium nesopelydum,WA Priority 1
Heliotropium synaimon,,,,removed,,Heliotropium synaimon,WA Priority 1
Heliotropium tachyglossoides,,,,removed,,Heliotropium tachyglossoides,WA Priority 1
Heliotropium uniflorum,,,,removed,,Heliotropium uniflorum,WA Priority 1
Marsdenia glandulifera,,,,removed,,Marsdenia glandulifera,WA Priority 1
Marsdenia hemiptera,,,,removed,Rusty Vine,Marsdenia hemiptera,WA Priority 1
Phyllanthus indigoferoides,,,,removed,,Phyllanthus indigoferoides,WA Priority 1
Schizachyrium mitchelliana,,,,removed,,Schizachyrium mitchelliana,WA Priority 1
Tephrosia sp. Durack River (C.A. Gardner 9938),,,,removed,,Tephrosia sp. Durack River (C.A.Gardner 9938),WA Priority 1
Tephrosia sp. Saw Ranges (D. Kabay s.n. PERTH 06720544),,,,removed,,Tephrosia sp. Saw Ranges (D.Kabay s.n. PERTH 06720544),WA Priority 1
Trachymene oleracea subsp. sedimenta,,,,removed,,Trachymene oleracea subsp. sedimenta,WA Priority 1
Tylophora benthamii,,,,removed,Coast Tylophora,Tylophora benthamii,WA Priority 1
Utricularia arnhemica,,,,removed,,Utricularia arnhemica,WA Priority 1
Utricularia dunstaniae,,,,removed,,Utricularia dunstaniae,WA Priority 1
Desmodium pullenii,,,,removed,,Desmodium pullenii,WA Priority 1
Heliotropium parviantrum,,,,removed,,Heliotropium parviantrum,WA Priority 1
Acacia karina,,,,removed,,Acacia karina,WA Priority 1
Astroloma inopinatum,,,,removed,,Astroloma inopinatum,WA Priority 1
Chamelaucium sp. Canna (G. Keighery s.n. PERTH 02236435),,,,removed,,Chamelaucium sp. Canna (G.J.Keighery s.n. PERTH 02236435),WA Priority 1
Cuphonotus humistratus,,,,removed,Mother-of-misery,Cuphonotus humistratus,WA Priority 1
Drummondita rubroviridis,,,,removed,,Drummondita rubroviridis,WA Priority 1
Eremophila oldfieldii subsp. Karara (D. Coultas s.n. PERTH 07341717),,,,removed,,Eremophila oldfieldii subsp. Karara (D.Coultas s.n. PERTH 07341717),WA Priority 1
Eremophila sp. Rothsay (D. Coultas & J. Kelt s.n. PERTH 08200440),,,,removed,,Eremophila sp. Rothsay (D.Coultas & J.Kelt s.n. PERTH 08200440),WA Priority 1
Grevillea sp. Shark Bay (N.H. Speck 24/09/1953),,,,removed,,Grevillea sp. Shark Bay (N.H.Speck 24/09/1953),WA Priority 1
Olearia sp. Gregory (M. Hislop 3784),,,,removed,,Olearia sp. Gregory (M.Hislop 3784),WA Priority 1
Scholtzia sp. Binnu (M.E. Trudgen 2218),,,,removed,,Scholtzia sp. Binnu (M.E.Trudgen 2218),WA Priority 1
Scholtzia sp. Binnu East Road (M.E. Trudgen 12013),,,,removed,,Scholtzia sp. Binnu East Road (M.E.Trudgen 12013),WA Priority 1
Scholtzia sp. Bungabandi Creek (M. Quicke EURA 48),,,,removed,,Scholtzia sp. Bungabandi Creek (M.Quicke EURA 48),WA Priority 1
Scholtzia sp. Dongara (R. Hart 8401),,,,removed,,Scholtzia sp. Dongara (R.Hart 8401),WA Priority 1
Scholtzia sp. Kojarena (A.M. Ashby 1904),,,,removed,,Scholtzia sp. Kojarena (A.M.Ashby 1904),WA Priority 1
Scholtzia sp. Overlander (M.E. Trudgen 12138),,,,removed,,Scholtzia sp. Overlander (M.E.Trudgen 12138),WA Priority 1
Scholtzia sp. Prowaka Springs (R.J. Cranfield & P. Spencer 8083),,,,removed,,Scholtzia sp. Prowaka Springs (R.J. Cranfield & P. Spencer 8083),WA Priority 1
Scholtzia sp. Valentine Road (S. Patrick 2142),,,,removed,,Scholtzia sp. Valentine Road (S.J.Patrick 2142),WA Priority 1
Scholtzia sp. Yandanooka (R. Soullier 646),,,,removed,,Scholtzia sp. Yandanooka (R.Soullier 646),WA Priority 1
Scholtzia sp. Yuna (C.A. Gardner 14286),,,,removed,,Scholtzia sp. Yuna (C.A.Gardner 14286),WA Priority 1
Thomasia formosa,,,,removed,,Thomasia x formosa,WA Priority 1
Hydrocotyle sp. Vigintimilia (P.G. Wilson 7940),,,,removed,,Hydrocotyle sp. Vigintimilia (P.G.Wilson 7940),WA Priority 1
Acacia sp. East Fortescue (J. Bull & D. Roberts ONS A 27.01),,,,removed,,Acacia sp. East Fortescue (J.Bull & D.Roberts ONS A 27.01),WA Priority 1
Eremophila sp. Hamersley Range (K. Walker KW 136),,,,removed,,Eremophila sp. Hamersley Range (K.Walker KW 136),WA Priority 1
Schoenus sp. Marble Bar (D. Coultas & S. Coultas DCSC-Opp 07),,,,removed,,Schoenus sp. Marble Bar (D.Coultas & S.Coultas DCSC-Opp 07),WA Priority 1
Austrostipa sp. Carlingup Road (S. Kern & R. Jasper LCH 18459),,,,removed,,Austrostipa sp. Carlingup Road (S.Kern & R.Jasper LCH 18459),WA Priority 1
Austrostipa sp. Ravensthorpe Range (A. Markey & J. Allen 6261),,,,removed,,Austrostipa sp. Ravensthorpe Range (A.Markey & J.Allen 6261),WA Priority 1
Baeckea sp. Mt Glasse (P.G. Wilson 5717),,,,removed,,Baeckea sp. Mt Glasse (P.G.Wilson 5717),WA Priority 1
Boronia baeckeacea subsp. patula,,,,removed,,Boronia baeckeacea subsp. patula,WA Priority 1
Caesia sp. Hopetoun (T.D. Macfarlane & C.J. French TDM 5228),,,,removed,,Caesia sp. Hopetoun (T.D.Macfarlane & C.J.French TDM 5228),WA Priority 1
Conostephium sp. Cascades (R. Bruhn 24/899 CAS),,,,removed,,Conostephium sp. Cascades (R.Bruhn 24/899 CAS),WA Priority 1
Grammosolen sp. Mt Ridley (W.R. Archer 1210911),,,,removed,,Grammosolen sp. Mt Ridley (W.R.Archer 1210911),WA Priority 1
Lasiopetalum sp. Wellstead (K.A. Shepherd & C.F. Wilkins KS 1650),,,,removed,,Lasiopetalum sp. Wellstead (K.A.Shepherd & C.F.Wilkins KS 1650),WA Priority 1
Leucopogon sp. Bonnie Hill (K.R. Newbey 9831),,,,removed,,Leucopogon sp. Bonnie Hill (K.R.Newbey 9831),WA Priority 1
Leucopogon sp. Lake Tay (W.R. Archer 2104138),,,,removed,,Leucopogon sp. Lake Tay (W.R.Archer 2104138),WA Priority 1
Selliera radicans,,,,removed,Raumangu,Selliera radicans,WA Priority 1
Coleanthera coelophylla,,,,removed,,Coleanthera coelophylla,WA Priority 1
Eriochilus sp. Roleystone (G. Brockman 1140),,,,removed,Crinkle-leafed Bunny Orchid,Eriochilus dilatatus subsp. undulatus,WA Priority 1
Haloragis sp. Parrot Ridge (G.J. Keighery 11563),,,,removed,,Haloragis sp. Parrot Ridge (G.J.Keighery 11563),WA Priority 1
Stachystemon sp. Keysbrook (R. Archer 17/11/99),,,,removed,,Stachystemon sp. Keysbrook (R.Archer 17/11/99),WA Priority 1
Gastrolobium sp. Yoongarillup (S.Dilkes s.n. 1/9/1969),,,,removed,,Gastrolobium sp. Yoongarillup (S.Dilkes s.n. 1/9/1969),WA Priority 1
Tetraria sp. Nannup (P.A. Jurjevich 1133),,,,removed,,Tetraria sp. Nannup (P.A.Jurjevich 1133),WA Priority 1
Caladenia x intermedia,,,,removed,Intermediate Enamel Orchid,Elythranthera x intermedia,WA Priority 1
Tetraria sp. Warren (M. McCallum Webster 23/2/1979),,,,removed,,Tetraria sp. Warren (M.McCallum Webster 23/2/1979),WA Priority 1
Austrostipa sp. Koorda (Anonymous s.n. PERTH 08730202),,,,removed,,Austrostipa sp. Koorda (Anonymous s.n. PERTH 08730202),WA Priority 1
Austrostipa sp. Mt Holland (W.A. Thompson & J. Allen 948),,,,removed,,Austrostipa sp. Mt Holland (W.A.Thompson & J.Allen 948),WA Priority 1
Baeckea sp. Baladjie (P.J. Spencer 24),,,,removed,,Baeckea sp. Baladjie (P.J.Spencer 24),WA Priority 1
Baeckea sp. Beringbooding (A.R. Main 11/9/1957),,,,removed,,Baeckea sp. Beringbooding (A.R.Main 11/9/1957),WA Priority 1
Baeckea sp. Blue Haze Mine (P. Armstrong 06/910),,,,removed,,Baeckea sp. Blue Haze Mine (P.Armstrong 06/910),WA Priority 1
Baeckea sp. Crossroads (B.L. Rye & M.E. Trudgen 241186),,,,removed,,Baeckea sp. Crossroads (B.L.Rye & M.E.Trudgen 241186),WA Priority 1
Baeckea sp. Eujinyn (J. Buegge D 99),,,,removed,,Baeckea sp. Eujinyn (J.Buegge D99),WA Priority 1
Baeckea sp. Forrestania (K.R. Newbey 1105),,,,removed,,Baeckea sp. Forrestania (K.R.Newbey 1105),WA Priority 1
Baeckea sp. Kellerberrin (C.A. Gardner s.n. PERTH 03351009),,,,removed,,Baeckea sp. Kellerberrin (C.A.Gardner s.n. PERTH 03351009),WA Priority 1
Baeckea sp. Koorda (W.E. Blackall 3371),,,,removed,,Baeckea sp. Koorda (W.E.Blackall 3371),WA Priority 1
Baeckea sp. Lake Cronin (K.R. Newbey 9191),,,,removed,,Baeckea sp. Lake Cronin (K.R.Newbey 9191),WA Priority 1
Baeckea sp. Muntadgin (E.T. Bailey 231),,,,removed,,Baeckea sp. Muntadgin (E.T.Bailey 231),WA Priority 1
Baeckea sp. North Ironcap (R.J. Cranfield 10580),,,,removed,,Baeckea sp. North Ironcap (R.J.Cranfield 10580),WA Priority 1
Baeckea sp. Sheoaks Rocks (M.E. Trudgen MET5452),,,,removed,,Baeckea sp. Sheoaks Rocks (M.E. Trudgen MET5452),WA Priority 1
Baeckea sp. Stockton Road (M.E. Trudgen MET22077 & B. Rye),,,,removed,,Baeckea sp. Stockton Road (M.E.Trudgen MET22077 & B.Rye),WA Priority 1
Baeckea sp. Tampia Hill (J.C. Anway 327),,,,removed,,Baeckea sp. Tampia Hill (J.C. Anway 327),WA Priority 1
Baeckea sp. Yorkrakine (C.A. Gardner s.n. 09/1933),,,,removed,,Baeckea sp. Yorkrakine (C.A. Gardner s.n. 09/1933),WA Priority 1
Calandrinia sp. Piawaning (A.C. Beauglehole 12257),,,,removed,,Calandrinia sp. Piawaning (A.C.Beauglehole 12257),WA Priority 1
Eremophila glabra subsp. Kokeby (R. Davis 5080),,,,removed,,Eremophila glabra subsp. Kokeby (R.Davis 5080),WA Priority 1
Eucalyptus leptophylla var. floribunda,,,,removed,Narrow-leaved Red Mallee,Eucalyptus leptophylla,WA Priority 1
Eucalyptus myriadena subsp. parviflora,,,,removed,,Eucalyptus myriadena subsp. parviflora,WA Priority 1
Eucalyptus phenax subsp. compressa,,,,removed,Kangaroo Island Mallee,Eucalyptus phenax subsp. compressa,WA Priority 1
Hemigenia dulca,,,,removed,,Hemigenia dulca,WA Priority 1
Hypocalymma puniceum subsp. Cadoux (H. Demarz 10533),,,,removed,,Hypocalymma puniceum subsp. Cadoux (H.Demarz 10533),WA Priority 1
Hypocalymma sp. Lake King (R.W. Purdie 3936),,,,removed,,Hypocalymma sp. Lake King (R.W.Purdie 3936),WA Priority 1
Microcorys sp. Mt Holland (D. Angus DA 2397),,,,removed,,Microcorys sp. Mt Holland (D.Angus DA 2397),WA Priority 1
Philotheca sp. Mukinbudin (M. Hancock s.n. 08/09/1999),,,,removed,,Philotheca sp. Mukinbudin (M.Hancock s.n. 08/09/1999),WA Priority 1
Pimelea sp. Tarin Rock (E.J. Croxford 2118),,,,removed,,Pimelea sp. Tarin Rock (E.J.Croxford 2118),WA Priority 1
Styphelia sp. Tarin Rock (W.E. Blackall 1315),,,,removed,,Styphelia sp. Tarin Rock (W.E.Blackall 1315),WA Priority 1
Thomasia sp. Arthur River (H.F. & M. Broadbent 1409),,,,removed,,Thomasia sp. Arthur River (H.F. & M.Broadbent 1409),WA Priority 1
Aganippe castellum,,,,removed,,Idiosoma castellum,Priority
Thinornis rubricollis,,,,removed,Hooded Plover,Thinornis rubricollis,Priority
Aspidites ramsayi (southwest subpop.),,,,removed,Woma (southwest Subpop.),Aspidites ramsayi (southwest subpop.),Priority
Phaps elegans (Abrolhos subpop.),,,,removed,Brush Bronzewing (abrolhos Subpop.),Phaps elegans (Abrolhos subpop.),Priority
Ctenotus gemmula (Swan Coastal Plain subpop.),,,,removed,Jewelled Southwest Ctenotus (swan Coastal Plain Subpop.),Ctenotus gemmula (Swan Coastal Plain subpop.),Priority
Ixobrychus flavicollis australis (southwest subpop.),,,,removed,Black Bittern (southwest Subpop.),Ixobrychus flavicollis australis (southwest subpop.),Priority
Ninox connivens connivens (southwest subpop.),,,,removed,Barking Owl (southwest Subpop.),Ninox (Hieracoglaux) connivens connivens,Priority
Coleanthera virgata,,,,removed,Hidden Coleanthera,Coleanthera virgata,Extinct
Zaglossus bruijnii,,,,removed,Western Long-beaked Echidna,Zaglossus bruijnii,Extinct
Leucopogon marginatus,,,,removed,Thick-margined Leucopogon,Leucopogon marginatus,Endangered
Leucopogon obtectus,,,,removed,Hidden Beard-heath,Leucopogon obtectus,Endangered
Pityrodia sp. Marble Bar (G. Woodman & D. Coultas GWDC Opp 4),,,,removed,,Pityrodia sp. Marble Bar (G.Woodman & D.Coultas GWDC Opp 4),Endangered
Apium prostratum subsp. Porongurup Range (G.J. Keighery 8631),,,,removed,,Apium prostratum subsp. Porongurup Range (G.J.Keighery 8631),Endangered
Boronia clavata,,,,removed,Bremer Boronia,Boronia clavata,Endangered
Austrostipa bronwenae,,,,removed,,Austrostipa bronwenae,Endangered
Bossiaea sp. Frankland (E.M. Sandiford EMS 896),,,,removed,,Bossiaea sp. Frankland (E.M.Sandiford EMS 896),Endangered
Petrogale lateralis subsp. (West Kimberley),,,,removed,West Kimberley Black-footed Rock-wallaby,Petrogale lateralis subsp. (West Kimberley),Endangered
Seringia exastia,,,,removed,Fringed Fire-bush,Seringia exastia,Critically Endangered
Latrobea colophona,,,,removed,,Latrobea colophona,Critically Endangered
Hibbertia sp. Toolbrunup (J.R. Wheeler 2504),,,,removed,,Hibbertia sp. Toolbrunup (J.R.Wheeler 2504),Critically Endangered
"Leucopogon sp. Flynn (F. Hort, J. Hort & A. Lowrie 859)",,,,removed,,"Leucopogon sp. Flynn (F.Hort, J.Hort & A.Lowrie 859)",Critically Endangered
Cyphanthera odgersii subsp. occidentalis,,,,removed,,Cyphanthera odgersii subsp. occidentalis,Critically Endangered
"Teyl sp. (BY Main 1953/2683, 1984/13)",,,,removed,Minnivale Trapdoor Spider,"Teyl sp. (BY Main 1953/2683, 1984/13)",Critically Endangered
