name,commonName_new,scientificName_new,listUpdate,commonName_old,scientificName_old
Abildgaardia pachyptera,,Abildgaardia pachyptera,added,,
Acacia ancistrophylla var. lissophylla,Dwarf Myall,Acacia ancistrophylla var. lissophylla,added,,
Acacia corusca,Shimmer Wattle,Acacia corusca,added,,
Acacia karinae,,,added,,
Acacia lachnocarpa,Woolly-fruited Wattle,Acacia lachnocarpa,added,,
Acacia sp. Binningup (G. Cockerton et al. WB 37784),,Acacia sp. Binningup (G.Cockerton et al. WB 37784),added,,
Acacia sp. Forrestania (D. Angus DA 3001),,Acacia sp. Forrestania (D.Angus DA 3001),added,,
Acacia sp. Marshall Pool (G. Cockerton 3024),,Acacia sp. Marshall Pool (G. Cockerton 3024),added,,
Acacia sp. New Norcia (E.A. Griffin 5917),,Acacia sp. New Norcia (E.A.Griffin 5917),added,,
Acacia sp. Southern Cross (G. Cockerton et al. WB 38518),,Acacia sp. Southern Cross (G.Cockerton et al. WB 38518),added,,
Acacia sp. Yinnetharra (L. Sweedman 8229),,Acacia sp. Yinnetharra (L.Sweedman 8229),added,,
Acacia yorkrakinensis subsp. yorkrakinensis,,Acacia yorkrakinensis subsp. yorkrakinensis,added,,
Adenanthos acanthophyllus,,Adenanthos acanthophyllus,added,,
Aenictophyton anomalum,,Aenictophyton anomalum,added,,
Afrohybanthus bennettiae,,Afrohybanthus bennettiae,added,,
Aglaia brownii,,Aglaia brownii,added,,
Alyogyne sp. Great Victoria Desert (D.J. Edinger 6212),,Alyogyne sp. Great Victoria Desert (D.J.Edinger 6212),added,,
Alyogyne sp. Hyden (G.S. Durell GD 127) PN,,Alyogyne sp. Hyden (G.S.Durell GD127),added,,
Alyogyne sp. Rockingham (G.J. Keighery 14463),,Alyogyne sp. Rockingham (G.J.Keighery 14463),added,,
Amanita preissii,,Amanita preissii,added,,
Andersonia sp. Mysosma (E.A. Griffin 2213) PN,,Andersonia sp. Mysosma (E.A.Griffin 2213),added,,
Androcalva sp. York (C.F. Wilkins & A. Sole CW 2527),,Androcalva sp. York (C.F.Wilkins & A.Sole CW 2527),added,,
Angianthus sp. Salmon Gums (G.F. Craig 3074),,Angianthus sp. Salmon Gums (G.F.Craig 3074),added,,
Anticoryne melanosperma,,Anticoryne melanosperma,added,,
Apatelantha chrysotricha,,,added,,
Apatelantha insignis,,,added,,
Apium prostratum subsp. phillipii,,Apium prostratum subsp. Porongurup Range (G.J.Keighery 8631),added,,
Arivela kenneallyi,,Arivela kenneallyi,added,,
Arthropodium vanleeuwenii,Leeuwen's Lily,Arthropodium vanleeuwenii,added,,
Arthrostylis sp. Kalumburu (K.L. Wilson 10101) PN,,,added,,
Asplenium decurrens,Shore Spleenwort,Asplenium obtusatum subsp. northlandicum,added,,
Asteridea croniniana,,Asteridea croniniana,added,,
Asteridea morawana,,Asteridea morawana,added,,
Asterolasia hyalina,,Asterolasia hyalina,added,,
Austrobaeckea columnaris,,,added,,
Austrobaeckea narembeen,,,added,,
Austrobaeckea uncinella,,,added,,
Austrostipa bronweniae,,Austrostipa bronweniae,added,,
Austrostipa burgesiana,,,added,,
Austrostipa echinata,Spiny Spear-grass,Austrostipa echinata,added,,
Austrostipa everettiana,,,added,,
Austrostipa frankliniae,,,added,,
Austrostipa heteranthera,,,added,,
Austrostipa koordana,,,added,,
Austrostipa lanata,,Austrostipa lanata,added,,
Austrostipa nunaginensis,,,added,,
Austrostipa turbinata,,,added,,
Austrostipa vickeryana,Vickery's Spear-grass,Austrostipa vickeryana,added,,
Babingtonia peteriana,Ornate Babingtonia,Babingtonia peteriana,added,,
Balaustion baiocalyx,,,added,,
Balaustion bimucronatum,,,added,,
Balaustion exsertum,,,added,,
Balaustion filifolium,,,added,,
Balaustion grande,,,added,,
Balaustion grandibracteatum subsp. grandibracteatum,,,added,,
Balaustion grandibracteatum subsp. juncturum,,,added,,
Balaustion grandibracteatum subsp. meridionale,,,added,,
Balaustion hemisphaericum,,,added,,
Balaustion karroun,,,added,,
Balaustion mukinbudin,,,added,,
Balaustion multicaule,,,added,,
Balaustion polyandrum,,,added,,
Balaustion sp. Billyacatting Hill (A.S. George 14349) PN,,,added,,
Balaustion sp. North Ironcap (R.J. Cranfield 10580) PN,,,added,,
Balaustion sp. Yorkrakine (C.A. Gardner s.n. 09/1933) PN,,,added,,
Balaustion spenceri,,,added,,
Balaustion tangerinum,,,added,,
Balaustion thamnoides,,,added,,
Balaustion unguiculatum,,,added,,
Banksia densa,,Banksia densa,added,,
Banksia nana,,Banksia nana,added,,
Banksia parva,,Banksia parva,added,,
Bergia occultipetala,,Bergia occultipetala,added,,
Beyeria lateralis,Jefferies' Beyeria,Beyeria lateralis,added,,
Beyeria opaca,Dark Turpentine-bush,Beyeria opaca,added,,
Bolboschoenus fluviatilis,Marsh Club-rush,Bolboschoenus fluviatilis,added,,
Boronia clavata subsp. clavata,,Boronia clavata subsp. clavata,added,,
Boronia clavata subsp. grandis,,Boronia clavata subsp. grandis,added,,
Boronia crenulata subsp. crenulata var. angustifolia,,Boronia crenulata var. angustifolia,added,,
Boronia denticulata subsp. whoogarupensis,,Boronia denticulata subsp. whoogarupensis,added,,
Boronia sp. Leeuwin (J. Scott 235),,Boronia sp. Leeuwin (J.Scott 235),added,,
Boronia ternata var. promiscua,,Boronia ternata var. promiscua,added,,
Borya stenophylla,Synnot Range Borya,Borya stenophylla,added,,
Bossiaea lalagoides,Broad-leaved Brown Pea,Bossiaea ornata,added,,
Bossiaea moylei,,Bossiaea moylei,added,,
Bossiaea reptans,Creeping Brown Pea,Bossiaea reptans,added,,
Bossiaea sp. Mt Frankland (L. Graham 2174) PN,,Bossiaea sp. Mt Frankland (L.Graham 2174),added,,
Brachyloma djerral,,Brachyloma djerral MS,added,,
Brachyloma elusum,,Brachyloma elusum,added,,
Brachyloma pirara,,Brachyloma pirara MS,added,,
Buellia durackensis,,Buellia durackensis,added,,
Caesia arcuata,Curved Grass Lily,Caesia arcuata,added,,
Caesia chlorantha,,Caesia chlorantha,added,,
Caesia sp. Great Victoria Desert (C. Tauss 2835),,Caesia sp. Great Victoria Desert (C.Tauss 2835),added,,
Caladenia applanata subsp. erubescens,Rose Spider Orchid,Caladenia applanata subsp. erubescens,added,,
Caladenia multiplex,Bulbarnet Spider Orchid,Caladenia multiplex,added,,
Caladenia nivalis,Exotic Spider Orchid,Caladenia nivalis,added,,
Calandrinia lefroyensis,,Calandrinia lefroyensis,added,,
Calandrinia quartzitica,,Calandrinia quartzitica,added,,
Calandrinia sp. Bayswater (C. Andrews s.n. 11/1902) PN,,,added,,
Calandrinia sp. Berry Springs (M.O. Parker 855) PN,,Calandrinia sp. Berry Springs (M.O.Parker 855),added,,
Calandrinia sp. Boolardy Station (P. Jayasekara 719-JHR-01),,Calandrinia sp. Boolardy Station (P.Jayasekara 719-JHR-01),added,,
Calandrinia sp. Cape Range (F. Obbens FO 10/18),,Calandrinia sp. Cape Range (F.Obbens FO 10/18),added,,
Calandrinia sp. Edel Land (F. Obbens FO 01/17),,Calandrinia sp. Edel Land (F.Obbens FO 01/17),added,,
Calandrinia sp. Hamelin Station (F. Obbens FO 02/20) PN,,,added,,
Calandrinia sp. Lennard River (W.V. Fitzgerald 739) PN,,,added,,
Calandrinia sp. Menzies (F. Hort et al. FH 4100),,Calandrinia sp. Menzies (F.Hort et al. FH 4100),added,,
Calandrinia sp. Mt Vernon Station (T.L. Setter 427) PN,,,added,,
Calandrinia sp. Nanutarra (F. Obbens FO 08/18),,Calandrinia sp. Nanutarra (F.Obbens FO 08/18),added,,
Calandrinia sp. Torndirrup (S.D. Hopper et al. SDH 8712) PN,,Calandrinia sp. Torndirrup (S.D.Hopper et al. SDH 8712),added,,
Calandrinia uncinella,,Calandrinia uncinella,added,,
Calandrinia wilsonii,,Calandrinia wilsonii,added,,
Calectasia grandiflora,Blue Tinsel Lily,Calectasia grandiflora,added,,
Calytrix calingiri,,,added,,
Calytrix djinda,,,added,,
Calytrix gypsophila,,Calytrix gypsophila,added,,
Calytrix insperata,Mundatharrda Calytrix,Calytrix insperata,added,,
Calytrix platycheiridion,,,added,,
Calytrix retrorsifolia,,Calytrix retrorsifolia,added,,
Calytrix sp. Learmonth (S. Fox EMopp 1),,,added,,
Calytrix sp. Wandana (G. Byrne 1750) PN,,,added,,
Camonea pilosa,,Camonea pilosa,added,,
Carpobrotus sp. Lateral Flowers (N. Gibson & M. Lyons 973) PN,,Carpobrotus sp. Lateral Flowers (N.Gibson & M.Lyons 973),added,,
Chamaescilla maculata,Red-spotted Squill,Chamaescilla maculata,added,,
Chamelaucium erythrochlorum,,Chamelaucium sp. Yoongarillup (G.J.Keighery 3635),added,,
Chamelaucium floriferum subsp. diffusum,,Chamelaucium sp. Nornalup (N.G.Marchant 76/125),added,,
Chamelaucium floriferum subsp. floriferum,,Chamelaucium floriferum subsp. floriferum,added,,
Chamelaucium forrestii,,Chamelaucium sp. Mt Frankland (A.S.George 11117),added,,
Chamelaucium lullfitzii,Gingin Wax,Chamelaucium sp. Gingin (N.G.Marchant 6),added,,
Chamelaucium orarium,,Chamelaucium orarium,added,,
Chamelaucium repens,,Chamelaucium sp. Canna (G.J.Keighery s.n. PERTH 02236435),added,,
Chamelaucium roycei,Royce's Waxflower,Chamelaucium sp. S coastal plain (R.D.Royce 4872),added,,
Chamelaucium xanthocladum,,Chamelaucium xanthocladum,added,,
Chrysocephalum apiculatum subsp. racemosum,,Chrysocephalum apiculatum subsp. racemosum,added,,
Comesperma minutum,,Comesperma minutum,added,,
Comesperma sabulosum,,Comesperma sabulosum,added,,
Conostephium wonganense,,,added,,
Conostylis sp. Watheroo (S.D. Hopper 7668) PN,,,added,,
Convolvulus pyrophilus,,,added,,
Corchorus fitzroyensis,Fitzroy River Corchorus,Corchorus fitzroyensis,added,,
Corybas autumnalis,,Corybas autumnalis,added,,
Corymbia chlorolampra,Mountain Marri,Corymbia haematoxylon,added,,
Corynotheca acanthoclada,Spiny Zigzag Lily,Corynotheca acanthoclada,added,,
Corynotheca flexuosissima,Compact Zigzag Lily,Corynotheca flexuosissima,added,,
Crassula colorata var. miriamae,,Crassula colorata var. miriamae,added,,
Cryptandra subtilis,No Petals Cryptandra,Cryptandra subtilis,added,,
Cucumis sp. Bastion Range (A.A. Mitchell et al. AAM 10710),,Cucumis sp. Bastion Range (A.A.Mitchell et al. AAM 10710),added,,
Cyanicula sp. Esperance (G. Brockman 735),,Cyanicula sp. Esperance (G.Brockman 735) WA Herbarium,added,,
Cyanothamnus acanthocladus,,Cyanothamnus acanthocladus,added,,
Cyanothamnus baeckeaceus subsp. patulus,,Cyanothamnus baeckeaceus subsp. patulus,added,,
Cyanothamnus ramosus subsp. lesueuranus,,Cyanothamnus ramosus subsp. lesueuranus,added,,
Cyanothamnus tenuis,Blue Boronia,Boronia tenuis,added,,
Cyanothamnus westringioides,,Cyanothamnus westringioides,added,,
Cyanthillium gracile,,Cyanthillium gracile,added,,
Cyathostemon sp. Red Roo Rock (G.F. Craig 6896),,Cyathostemon sp. Red Roo Rock (G.F.Craig 6896),added,,
Cyperus albescens,,Cyperus albescens,added,,
Dampiera prasiolitica,Coolgardie Dampiera,Dampiera prasiolitica,added,,
Darwinia sp. Bindoon (S. Patrick 281) PN,,Darwinia sp. Bindoon (S.Patrick 281),added,,
Darwinia sp. Corrigin (T. Erickson TEE 308) PN,,Darwinia sp. Corrigin (T.Erickson TEE 308),added,,
Darwinia sp. Mt Ridley (W.R. Archer 510914),,Darwinia sp. Mt Ridley (W.R.Archer 510914),added,,
Darwinia sp. Strawberry (M.G. Corrick 8279),,Darwinia sp. Strawberry (M.G.Corrick 8279),added,,
Darwinia sphaerica,Canna Darwinia,Darwinia sphaerica,added,,
Daviesia elongata,,Daviesia elongata,added,,
Daviesia implexa,,Daviesia implexa,added,,
Daviesia nudiflora subsp. amplectens,,Daviesia nudiflora subsp. amplectens,added,,
Daviesia nudiflora subsp. drummondii,,Daviesia nudiflora subsp. drummondii,added,,
Deyeuxia abscondita,Preston Bentgrass,Deyeuxia abscondita,added,,
Dielsiodoxa altimontana,,,added,,
Dillwynia sp. Coujinup Hill (M.A. Burgman 1560),,Dillwynia sp. Coujinup Hill (M.A.Burgman 1560),added,,
Dipodium basalticum,,Dipodium sp. Basalt Woodland (M.D.Barrett 198),added,,
Diuris brevis,,Diuris brevis,added,,
Dolichocarpa sp. Hamersley Station (A.A. Mitchell PRP 1479) PN,,,added,,
Dopatrium junceum,,Dopatrium junceum,added,,
Drosera albonotata,,Drosera albonotata,added,,
Drosera bicolor,,Drosera bicolor,added,,
Drosera eremaea,,Drosera macrantha subsp. eremaea,added,,
Drosera huegelii var. phillmanniana,,Drosera huegelii var. phillmanniana,added,,
Drosera lasiantha,,Drosera lasiantha,added,,
Drosera leioblastus,,Drosera leioblastus,added,,
Drosera leucostigma,,Drosera leucostigma,added,,
Drosera nivea,,Drosera nivea,added,,
Drosera occidentalis,Minute Pygmy Sundew,Drosera occidentalis,added,,
Drosera orbiculata,,Drosera orbiculata,added,,
Drosera oreopodion,,Drosera oreopodion,added,,
Drosera paleacea,Dwarf Sundew,Drosera paleacea,added,,
Drosera patens,,Drosera patens,added,,
Drosera prophylla,,Drosera prophylla,added,,
Drosera radicans,,Drosera radicans,added,,
Drosera rechingeri,,Drosera rechingeri,added,,
Drosera sp. Kentdale (G.J. Bourke 458) PN,,,added,,
Drosera sp. Lesueur National Park (C.A. Gardner 9350) PN,,,added,,
Drosera sp. Yampi Peninsula (A.J.M. Hopkins BA 0248) PN,,,added,,
Drummondita billyacatting,,,added,,
Drummondita rubriviridis,,,added,,
Einadia nutans subsp. nutans,Nodding Saltbush,Einadia nutans subsp. nutans,added,,
Elacholoma sp. Showy flowers (C.P. Campbell 1762),,Elacholoma sp. Showy flowers (C.P. Campbell 1762),added,,
Elionurus tylophorus,Toothed Wire Grass,Elionurus tylophorus,added,,
Empusa habenarina,Common Sphinx Orchid,Liparis habenarina,added,,
Eragrostis lasioclada,,Ectrosia lasioclada,added,,
Eragrostis lilliputiana,,Eragrostis lilliputiana,added,,
Eragrostis sp. Erect spikelets (P.K. Latz 2122),,Eragrostis sp. Erect spikelets (P.K. Latz 2122),added,,
Eragrostis sp. Lake Carey (J. Paterson & J. Warden WB 40825) PN,,,added,,
Eragrostis sp. Limestone (P.K. Latz 5921),,Eragrostis sp. Limestone (P.K.Latz 5921),added,,
Eremophila acutifolia,,Eremophila acutifolia,added,,
Eremophila annosicaulis,,,added,,
Eremophila compacta subsp. Kennedy Range (B. Buirchell BB 107)	,,Eremophila compacta subsp. Kennedy Range (B.Buirchell BB 107),added,,
Eremophila demissa,,Eremophila demissa,added,,
Eremophila glabra subsp. Lake Austin (P.J. Curry & P. Hennig 367),,Eremophila glabra subsp. Lake Austin (P.J.Curry & P.Hennig 367),added,,
Eremophila glabra subsp. Rason Lake (R.D. Royce 5582),,Eremophila glabra subsp. Rason Lake (R.D.Royce 5582),added,,
Eremophila inflata,,Calamphoreus inflatus,added,,
Eremophila microphylla,,Eremophila microphylla,added,,
Eremophila naaykensii,,,added,,
Eremophila oldfieldii subsp. papula,,Eremophila oldfieldii subsp. papula,added,,
Eremophila platycalyx subsp. Wongawol (N.H. Speck 1291),,Eremophila platycalyx subsp. Wongawol (N.H.Speck 1291),added,,
Eremophila rarissima,,Eremophila rarissima,added,,
Eremophila sericea,,Eremophila sericea,added,,
Eremophila sp. Coodardo Gap (B. Buirchell BB 330),,Eremophila sp. Coodardo Gap (B.Buirchell BB 330),added,,
Eremophila sp. Lake Carey (E. Mattiske LM 197) PN,,Eremophila sp. Lake Carey (E.Mattiske LM 197),added,,
Eremophila sp. Landor (J. Start D7 33) PN,,Eremophila sp. Landor (J.Start D7 33),added,,
Eremophila sp. Mt Channar Range (C. Keating & M.E. Trudgen CK 408),,Eremophila sp. Mt Channar Range (C.Keating & M.E.Trudgen CK 408),added,,
Eremophila sp. Murgoo (S.J.J. Davies s.n. 15/8/1960),,Eremophila sp. Murgoo (S.J.J.Davies s.n. 15/8/1960),added,,
Eremophila sp. Pingandy dentate (B. Buirchell BB 331),,Eremophila sp. Pingandy dentate (B.Buirchell BB 331),added,,
Eremophila sp. Thundelarra (B. Buirchell BB 324),,Eremophila sp. Thundelarra (B.Buirchell BB 324),added,,
Eremophila sp. Tropicana (B. Buirchell BB 323),,Eremophila sp. Tropicana (B.Buirchell BB 323),added,,
Eremophila sp. Wubin North (R. Wait 8305),,Eremophila sp. Wubin North (R.Wait 8305),added,,
Eremophila sp. long pedicels (G. Cockerton 1975),,Eremophila sp. long pedicels (G. Cockerton 1975),added,,
Eremophila subangustifolia,,Eremophila subangustifolia,added,,
Eremophila waitii,,Eremophila waitii,added,,
Eremophila xantholaemus,,,added,,
Eriochilus glareosus,,,added,,
Eucalyptus caesia subsp. caesia,Gungurru,Eucalyptus caesia,added,,
Eucalyptus caesia subsp. magna,Gungurru,Eucalyptus caesia,added,,
Eucalyptus calycogona subsp. miraculum,,Eucalyptus calycogona subsp. miraculum,added,,
Eucalyptus dissimulata subsp. dissimulata,,,added,,
Eucalyptus dissimulata subsp. plauta,,Eucalyptus sp. Truslove (M.I.H.Brooker 7499),added,,
Eucalyptus efflorescens,,,added,,
Eucalyptus eremophila subsp. pterocarpa,,Eucalyptus eremophila subsp. pterocarpa,added,,
Eucalyptus foecunda subsp. aeolica,Narrow-leaved Red Mallee,Eucalyptus foecunda,added,,
Eucalyptus foecunda subsp. foecunda,,Eucalyptus foecunda subsp. foecunda,added,,
Eucalyptus formanii subsp. circulata,,,added,,
Eucalyptus formanii subsp. formanii,,,added,,
Eucalyptus goniantha subsp. kynouron,,,added,,
Eucalyptus merleae,,,added,,
Eucalyptus polita,,Eucalyptus polita,added,,
Eucalyptus ravensthorpensis,,Eucalyptus ravensthorpensis,added,,
Eucalyptus revelata,,Eucalyptus revelata,added,,
Eucalyptus sp. Dunbar Road (D. Nicolle & M. French DN 5466) PN,,Eucalyptus sp. Dunbar Road (D.Nicolle & M.French DN 5466),added,,
Eucalyptus uncinata subsp. crassifolia,,,added,,
Eucalyptus x erectifolia,Stirling Range Mallee,Eucalyptus erectifolia,added,,
Eucalyptus x graniticola,,Eucalyptus x graniticola,added,,
Euploca aenigmata,,Euploca aenigmata,added,,
Euploca alcyonium,,,added,,
Euploca apertum,,Euploca apertum,added,,
Euploca argyrea,,Euploca argyrea,added,,
Euploca calvariavis,,Euploca calvariavis,added,,
Euploca cupressina,,Heliotropium cupressinum,added,,
Euploca discordis,,Euploca discordis,added,,
Euploca foveolata,,Euploca foveolata,added,,
Euploca galioides,,Euploca galioides,added,,
Euploca geocharis,,Euploca geocharis,added,,
Euploca mitchellii,,Euploca mitchellii,added,,
Euploca mutica,,Euploca mutica,added,,
Euploca nesopelyda,,Euploca nesopelyda,added,,
Euploca parviantrum,,Euploca parviantrum,added,,
Euploca synaimon,,Euploca synaimon,added,,
Euploca tachyglossoides,,Euploca tachyglossoides,added,,
Euploca uniflora,,Euploca uniflora,added,,
Eutaxia sp. Jasper Hill (R.J. Cranfield 8607),,Eutaxia sp. Jasper Hill (R.J.Cranfield 8607),added,,
Eutaxia sp. North Ironcap (P. Armstrong PA 06/898),,Eutaxia sp. North Ironcap (P. Armstrong PA 06/898),added,,
Ficus lilliputiana forma lilliputiana,,Ficus lilliputiana f. lilliputiana,added,,
Ficus lilliputiana forma pilosa,,Ficus lilliputiana forma pilosa,added,,
Fitzwillia sp. Newdegate (A. Coates 8766) PN,,,added,,
Frankenia georgei,,Frankenia georgei,added,,
Gastrolobium sp. Asperum (F. Hort 2864) PN,,,added,,
Gastrolobium sp. Yoongarillup (S. Dilkes s.n. 1/9/1969),,Gastrolobium sp. Yoongarillup (S.Dilkes s.n. 1/9/1969),added,,
Geleznowia amabilis,Kalbarri Yellow Bells,Geleznowia amabilis,added,,
Glycine lactivirens,,,added,,
Gompholobium glabristylum,Beardless Pea,Gompholobium glabristylum,added,,
Gomphrena axillaris,,,added,,
Gomphrena longistyla,,,added,,
Gonocarpus keigheryi,,Gonocarpus keigheryi,added,,
Gonocarpus orchardii,,Gonocarpus orchardii,added,,
Goodenia asteriscus,,Goodenia asteriscus,added,,
Goodenia exigua,,Velleia exigua,added,,
Goodenia halophila,,Goodenia halophila,added,,
Goodenia hirsuta,Hoary Goodenia,Goodenia hirsuta,added,,
Goodenia pritzelii,,Goodenia microptera,added,,
Goodenia quartzitica,Quartz-loving Goodenia,Goodenia quartzitica,added,,
Goodenia radicans,Raumangu,Selliera radicans,added,,
Goodenia sp. Beyondie (L.W. Sage & S. van Leeuwen LWS 2518),,Goodenia sp. Beyondie (L.W.Sage & S.J.van Leeuwen LWS 2518),added,,
Goodenia sp. Charnley River (M.D. Barrett MDB 5163),,,added,,
Goodenia sp. South Coast (A.R. Annels ARA 1846),,Goodenia sp. South Coast (A.R. Annels ARA1846),added,,
Goodenia verreauxii,,Goodenia verreauxii,added,,
Grammosolen archeri,,Grammosolen archeri,added,,
Grammosolen odgersii subsp. occidentalis,,Grammosolen odgersii subsp. occidentalis,added,,
Grammosolen odgersii subsp. odgersii,,Grammosolen odgersii subsp. odgersii,added,,
Grevillea brachystylis subsp. Yelverton (A. Webb AW09122),,,added,,
Grevillea bronweniae,,Grevillea bronweniae,added,,
Grevillea dissectifolia,,,added,,
Grevillea hystrix,Porcupine Grevillea,Grevillea hystrix,added,,
Grevillea merceri,,Grevillea merceri,added,,
Grevillea ornithopoda,Birdsfoot Grevillea,Grevillea manglesii subsp. ornithopoda,added,,
Grevillea pieroniae,,Grevillea pieroniae,added,,
Grevillea sp. Cooljarloo (B.J. Keighery 28 B),,Grevillea sp. Cooljarloo (B.J.Keighery 28 B),added,,
Grevillea sp. Duranillin (E.F. Shedley 180) PN,,,added,,
Grevillea sp. Nyabing (A. Coates & J. Ward AC 6030) PN,,,added,,
Grevillea sp. Victoria Desert (R. Davis et al. RD 11611),,Grevillea sp. Victoria Desert (R.Davis et al. RD 11611),added,,
Grevillea sp. Yerilgee Hills (T. Laslett TL 025),,Grevillea sp. Yerilgee Hills (T.Laslett TL 025),added,,
Grevillea speckiana,,,added,,
Grevillea synapheae subsp. latiloba,,Grevillea synapheae subsp. latiloba,added,,
Grevillea thelemanniana,Spider Net Grevillea,Grevillea thelemanniana,added,,
Grevillea trichantha,,,added,,
Grona flagellaris,,Grona flagellaris,added,,
Grona pullenii,,Grona pullenii,added,,
Gyrostemon sp. Mogumber (T.J. Hawkeswood 250),,Gyrostemon sp. Mogumber (T.J.Hawkeswood 250),added,,
Hakea cygnus subsp. needlei,,,added,,
Hakea sp. Great Victoria Desert (L. Cockram LAC 139),,Hakea sp. Great Victoria Desert (L.Cockram LAC 139),added,,
Haloragis luminosa,Lantern Sea-berry,Haloragis luminosa,added,,
Hemigenia diadela,Mid West Capote,Hemigenia diadela,added,,
Hemigenia dulcis,,,added,,
Hemigenia pimeleifolia,,,added,,
Hemigenia sp. Nillup (R.D. Royce 98),,Hemigenia sp. Nillup (R.D.Royce 98),added,,
Hibbertia acrotoma,,Hibbertia acrotoma,added,,
Hibbertia ambita,,Hibbertia ambita,added,,
Hibbertia archeri,,,added,,
Hibbertia barrettiae,,Hibbertia barrettiae,added,,
Hibbertia elegans,,Hibbertia elegans,added,,
Hibbertia hortiorum,,Hibbertia hortiorum,added,,
Hibbertia inopinata,,Hibbertia inopinata,added,,
Hibbertia leptotheca,,Hibbertia leptotheca,added,,
Hibbertia polyancistra,,Hibbertia polyancistra,added,,
Hibbertia proberae,Desert Guinea-flower,Hibbertia proberae,added,,
Hibbertia sandifordiae,,Hibbertia sandifordiae,added,,
Hibbertia sejuncta,,Hibbertia sejuncta,added,,
Hibbertia sp. Mt Holland (B. Ellery BE 1437) PN,,Hibbertia sp. Mt Holland (B.Ellery BE 1437),added,,
Hibbertia sp. Sherwood Breakaways (R.J. Cranfield 6771),,Hibbertia sp. Sherwood Breakaways (R.J.Cranfield 6771),added,,
Hibbertia subglabra,,Hibbertia subglabra,added,,
Hibbertia tuberculata,,Hibbertia tuberculata,added,,
Hibbertia wheelerae,,Hibbertia wheelerae,added,,
Hibiscus campanulatus,,Hibiscus campanulatus,added,,
Hibiscus chrysinocolla,Golden-goo Hibiscus,Hibiscus chrysinocolla,added,,
Hibiscus sp. Kununurra (K.F. Kenneally 1940) PN,,,added,,
Hibiscus sp. Perrinvale Station (J. Warden & E. Ager WB 10581),,Hibiscus sp. Perrinvale Station (J.Warden & E.Ager WB 10581),added,,
Hydrocotyle asterocarpa,Starry Pennywort,Hydrocotyle asterocarpa,added,,
Hydrocotyle decorata,Decorative Pennywort,Hydrocotyle decorata,added,,
Hydrocotyle dimorphocarpa,Single-winged Pennywort,Hydrocotyle dimorphocarpa,added,,
Hydrocotyle eichleri,Eichler's Pennywort,Hydrocotyle eichleri,added,,
Hydrocotyle papilionella,Butterfly Pennywort,Hydrocotyle papilionella,added,,
Hydrocotyle perforata,Pitted Pennywort,Hydrocotyle perforata,added,,
Hydrocotyle phoenix,Fire Pennywort,Hydrocotyle phoenix,added,,
Hydrocotyle serendipita,Albany Pennywort,Hydrocotyle serendipita,added,,
Hydrocotyle spinulifera,Spiny Fruited Pennywort,Hydrocotyle spinulifera,added,,
Hydrocotyle tuberculata,Bumpy-fruited Pennywort,Hydrocotyle tuberculata,added,,
Hypocalymma inopinatum,,,added,,
Hypocalymma polyandrum,,,added,,
Hypocalymma sp. Nambung (R. Spjut & R. Smith s.n. 22/09/1992) PN,,Hypocalymma sp. Nambung (R.Spjut & R.Smith s.n. 22/09/1992),added,,
Hypoxis cavernicola,,Pauridia sp. Prince Regent River (M.D.Barrett 924 B),added,,
Hysterobaeckea cornuta,,Hysterobaeckea cornuta,added,,
Hysterobaeckea glandulosa,,Hysterobaeckea glandulosa,added,,
Hysterobaeckea graniticola,,Hysterobaeckea graniticola,added,,
Hysterobaeckea ochropetala subsp. cometes,,Hysterobaeckea ochropetala subsp. cometes,added,,
Hysterobaeckea ochropetala subsp. ochropetala,,Hysterobaeckea ochropetala subsp. ochropetala,added,,
Hysterobaeckea pterocera,,Hysterobaeckea pterocera,added,,
Hysterobaeckea sp. Exclamation Lake (M.E. Trudgen 1524)	,,Hysterobaeckea sp. Exclamation Lake (M.E.Trudgen 1524),added,,
Indigofera cornuligera subsp. cornuligera,,Indigofera cornuligera subsp. cornuligera,added,,
Indigofera rivularis,,,added,,
Indigofera rotula,,,added,,
Isopogon autumnalis,Autumn Isopogon,Isopogon autumnalis,added,,
Isotropis forrestii,,Isotropis forrestii,added,,
Isotropis petrensis,,,added,,
Jacquemontia sp. Keep River (J.L. Egan 5015),,Jacquemontia sp. Keep River (J.L.Egan 5015),added,,
Josephinia sp. Woodstock (A.A. Mitchell PRP 989),,Josephinia sp. Woodstock (A.A.Mitchell PRP 989),added,,
Kunzea dracopetrensis,Dragon Rocks Kunzea,Kunzea dracopetrensis,added,,
Kunzea petrophila,,Kunzea petrophila,added,,
Lambertia orbifolia subsp. Bowelling (A. Webb AW 09107) PN,,,added,,
Lasiopetalum caroliae,,Lasiopetalum caroliae,added,,
Lasiopetalum decoratum,,Lasiopetalum decoratum,added,,
Lasiopetalum hapalocalyx,Wellstead Lasiopetalum,Lasiopetalum hapalocalyx,added,,
Lasiopetalum moullean,,Lasiopetalum moullean,added,,
Lasiopetalum oldfieldii,,Lasiopetalum oldfieldii,added,,
Lasiopetalum rupicola,,Lasiopetalum rupicola,added,,
Lasiopetalum rutilans,,Lasiopetalum rutilans,added,,
Latrobea colophon,,,added,,
Lechenaultia orchestris,Dancing Lechenaultia,Lechenaultia orchestris,added,,
Leichhardtia glandulifera,,Leichhardtia glandulifera,added,,
Leichhardtia racemosa,,Leichhardtia racemosa,added,,
Lemphoria humistrata,,,added,,
Lepidium sp. Stirling Range (S. Barrett 1359) PN,,Lepidium sp. Stirling Range (S.Barrett 1359),added,,
Lepidosperma sp. Kambalda (A.A. Mitchell 5156) PN,,Lepidosperma sp. Kambalda (A.A.Mitchell 5156),added,,
Leucopogon kirupensis,Kirup Beard-heath,Leucopogon kirupensis,added,,
Leucopogon sp. Cascades (M. Hislop 3693),,Leucopogon sp. Cascades (M.Hislop 3693),added,,
Leucopogon sp. Varley (M. Hislop 3659),,Leucopogon sp. Varley (M.Hislop 3659),added,,
Levenhookia preissii,Preiss's Stylewort,Levenhookia preissii,added,,
Lindernia sp. Minute-flowered (A.S. George 12433),,,added,,
Lindernia sp. Pilbara (M.N. Lyons & L. Lewis FV 1069),,Lindernia sp. Pilbara (M.N.Lyons & L.Lewis FV 1069),added,,
Lysiandra baeckeoides,,,added,,
Lysiandra fuernrohrii,,,added,,
Lysiandra indigoferoides,,,added,,
Machaerina ascendens,,,added,,
Microcorys elatoides,Mount Holland Microcorys,Microcorys elatoides,added,,
Microcorys sp. Great Victoria Desert (J. Alford s.n. PERTH 09041567) PN,,,added,,
Microcorys sp. Mt Holland broad-leaf (G. Barrett s.n. PERTH 04104927),,,added,,
Microcorys sp. Parker Range (C. Hancock s.n. PERTH 09215123) PN,,,added,,
Microcorys wilsoniana,,Microcorys wilsoniana,added,,
Micromyrtus racemosa var. Jingemarra (R.J. Cranfield 5253a) PN,,Micromyrtus racemosa var. Jingemarra (R.J.Cranfield 5253a),added,,
Mirbelia sp. Zuytdorp (G.J. Keighery & N. Gibson 1688) PN,,Mirbelia sp. Zuytdorp (G.J.Keighery & N.Gibson 1688),added,,
Mitrasacme sp. I Kimberley Flora (K.F. Kenneally s.n. PERTH 04115058),,Mitrasacme sp. I Kimberley Flora (K.F.Kenneally PERTH 04115058),added,,
Morelotia australiensis,,Morelotia australiensis,added,,
Murdannia sp. Top End (G.M. Chippendale 7726) PN,,Murdannia sp. Top End (G.M.Chippendale 7726),added,,
Mychodea echinocarpa,,Mychodea echinocarpa,added,,
Mychodea minutissima,,Mychodea minutissima,added,,
Myriophyllum foveicola,Warty Rockpool Milfoil,Myriophyllum foveicola,added,,
Myriophyllum muelleri,Hooded Watermilfoil,Myriophyllum muelleri,added,,
Myriophyllum striatocarpum,Striped Rockpool Milfoil,Myriophyllum striatocarpum,added,,
Netrostylis sp. Blackwood River (A.R. Annels 3043) PN,,,added,,
Netrostylis sp. Chandala (G.J. Keighery 17055) PN,,,added,,
Netrostylis sp. Nannup (P.A. Jurjevich 1133) PN,,,added,,
Netrostylis sp. Warren (M. McCallum Webster 23/2/1979) PN,,,added,,
Nicotiana salina,,,added,,
Nymphaea carpentariae,,Nymphaea carpentariae,added,,
Nymphaea kimberleyensis,,Nymphaea kimberleyensis,added,,
Olearia adpressa,Northampton Daisy Bush,Olearia adpressa,added,,
Olearia sp. Jerramungup (E.M. Sandiford 2528) PN,,,added,,
Olearia strigosa,Bristly Daisy Bush,Olearia strigosa,added,,
Opercularia nubicola,Stirling Range Stinkweed,Opercularia nubicola,added,,
Ozothamnus vespertinus,,Ozothamnus vespertinus,added,,
Paracaleana ferricola,,Paracaleana ferricola,added,,
Paranotis halfordii,,Paranotis halfordii,added,,
Paranotis sp. Pilbara (H. Ajduk HAOP04a) PN,,,added,,
Peplidium sp. Tanami (P.K. Latz 11904),,Peplidium sp. Tanami (P.K.Latz 11904),added,,
Persoonia flexifolia,,Persoonia flexifolia,added,,
Phebalium sp. Mt Gibbs (G.F. Craig 6658),,Phebalium sp. Mt Gibbs (G.F.Craig 6658),added,,
Phebalium sp. Yerilgee Sandplain (J. Jackson 223),,Phebalium sp. Yerilgee Sandplain (J.Jackson 223),added,,
Philotheca pachyphylla,,Philotheca pachyphylla,added,,
Philotheca richardsoniana,Richardson's Philotheca,Philotheca richardsoniana,added,,
Philotheca sp. Latham (F. Keast L4B 043),,Philotheca sp. Latham (F.Keast L4B 043),added,,
Pimelea cruciata,Tarin Rock Banjine,Pimelea cruciata,added,,
Portulaca sp. Kununurra (M.D. Barrett MDB 5981) PN,,,added,,
Prasophyllum paulinae,Pauline's Laughing Leek Orchid,Prasophyllum paulinae,added,,
Pterostylis faceta,,Pterostylis faceta,added,,
Pterostylis fuliginosa,,Pterostylis fuliginosa,added,,
Pterostylis heberlei,,Pterostylis heberlei,added,,
Pterostylis neopolyphylla,,,added,,
Pterostylis saxum,,Pterostylis saxum,added,,
Pterostylis tylosa,,Pterostylis tylosa,added,,
Pterostylis virens,,Pterostylis virens,added,,
Pterostylis xerampelina,,Pterostylis xerampelina,added,,
Ptilotus actinocladus,,Ptilotus actinocladus,added,,
Ptilotus crinitus,,,added,,
Ptilotus daphneae,,,added,,
Ptilotus royceanus,,Ptilotus royceanus,added,,
Ptilotus sp. Cue (P. Armstrong PA 16/362) PN,,Ptilotus sp. Cue (P.Armstrong PA 16/362),added,,
Ptilotus sp. Kalgoorlie (J. Jackson & B. Moyle 260) PN,,Ptilotus sp. Kalgoorlie (J.Jackson & B.Moyle 260),added,,
Ptilotus sp. Kookynie (J. Jackson & B. Moyle 261) PN,,Ptilotus sp. Kookynie (J.Jackson & B.Moyle 261),added,,
Ptilotus unguiculatus,,Ptilotus unguiculatus,added,,
Ptilotus yapukaratja,,Ptilotus yapukaratja,added,,
Pultenaea sp. Mt Lesueur (J.S. Beard 7827) PN,,Pultenaea sp. Mt Lesueur (J.S.Beard 7827),added,,
Quoya zonalis,Pilbara Foxglove,Quoya zonalis,added,,
Rhizanthella johnstonii,South Coast Underground Orchid,Rhizanthella johnstonii,added,,
Rhodanthe chlorocephala subsp. chlorocephala,,Rhodanthe chlorocephala subsp. chlorocephala,added,,
"Rhodanthe sp. Yuna (G.J. Keighery, B.J. Keighery & B. Moyle 2820) PN",,"Rhodanthe sp. Yuna (G.J.Keighery, B.J.Keighery & B.Moyle 2820)",added,,
Rhodanthe uniflora,,Rhodanthe uniflora,added,,
Ricinocarpos digynus,Andrea's Wedding Bush,Ricinocarpos digynus,added,,
Ricinocarpos tuberculatus,,Ricinocarpos tuberculatus,added,,
Rorippa sp. Fortescue Valley (M.N. Lyons & R.A. Coppen FV 0760),,Rorippa sp. Fortescue Valley (M.N.Lyons & R.A.Coppen FV 0760),added,,
Rytidosperma racemosum var. racemosum,,Rytidosperma racemosum var. racemosum,added,,
Salicornia globosa,,Salicornia globosa,added,,
Scaevola sp. Mt Ragged (M. Goods GG 004),,Scaevola sp. Mt Ragged (M.Goods GG 004),added,,
Schoenoplectiella humillima,,Schoenoplectiella humillima,added,,
Schoenus coultasii,Pilbara Annual Bog-rush,Schoenus coultasii,added,,
Scholtzia bellairsiorum,,Scholtzia bellairsiorum,added,,
Scholtzia brevistylis subsp. brevistylis,,Scholtzia brevistylis subsp. brevistylis,added,,
Scholtzia brevistylis subsp. prowaka,,Scholtzia brevistylis subsp. prowaka,added,,
Scholtzia calcicola,Tiny-flowered Scholtzia,Scholtzia calcicola,added,,
Scholtzia cordata,,Scholtzia sp. Yuna (C.A.Gardner 14286),added,,
Scholtzia corrugata,,Scholtzia corrugata,added,,
Scholtzia halophila subsp. meridionalis,,Scholtzia halophila subsp. meridionalis,added,,
Scholtzia halophila subsp. mortlockensis,,Scholtzia halophila subsp. mortlockensis,added,,
Scholtzia inaequalis,,Scholtzia inaequalis,added,,
Scholtzia kalbarri,,Scholtzia kalbarri,added,,
Scholtzia laciniata,Ragged-leaved Scholtzia,Scholtzia laciniata,added,,
Scholtzia longipedata subsp. procera,,Scholtzia longipedata subsp. procera,added,,
Scholtzia multiflora,,Scholtzia multiflora,added,,
Scholtzia oleosa,,Scholtzia oleosa,added,,
Scholtzia peltigera,Eurardy Scholtzia,Scholtzia peltigera,added,,
Scholtzia prostrata,Creeping Scholtzia,Scholtzia prostrata,added,,
Scholtzia quindecim,Gunyidi Scholtzia,Scholtzia quindecim,added,,
Scholtzia recurva,,Scholtzia recurva,added,,
Scholtzia subsessilis,Billeranga Scholtzia,Scholtzia subsessilis,added,,
Scholtzia tenuissima,Delicate Scholtzia,Scholtzia tenuissima,added,,
Scholtzia thinicola,Dune Scholtzia,Scholtzia thinicola,added,,
Scholtzia truncata,,Scholtzia truncata,added,,
Scholtzia uniflora,,Scholtzia uniflora,added,,
Scleroschoenus glabrispiculus,,Scleroschoenus glabrispiculus,added,,
Scleroschoenus quadricostatus,,Scleroschoenus quadricostatus,added,,
Scleroschoenus ramosus,,Scleroschoenus ramosus,added,,
Senna artemisioides subsp. alicia,,Senna artemisioides subsp. alicia,added,,
Sida sp. R (P. Copley 1390),,Sida sp. R (P.Copley 1390),added,,
Solanum octona,,,added,,
Solanum sp. Mosquito Creek (A.A. Mitchell et al. AAM 10795),,Solanum sp. Mosquito Creek (A.A.Mitchell et al. AAM 10795),added,,
Solanum sp. Red Hill (S. van Leeuwen et al. PBS 5415),,Solanum sp. Red Hill (S.van Leeuwen et al. PBS 5415),added,,
Solanum sp. W Hamersley Range (S. Colwill & B. Duncan LCR99-01) PN,,,added,,
Stachystemon exilis,Slender Stachystemon,Stachystemon exilis,added,,
Stackhousia muricata subsp. Perennial (W.R. Barker 3641) PN,,,added,,
Stackhousia sp. Lake Mackay (P.K. Latz 12870),,Stackhousia sp. Lake Mackay (P.K.Latz 12870),added,,
Stenanthemum sp. Eganu (S. Patrick 4537) PN,,,added,,
Stenanthera localis,Rare Flame Heath,Stenanthera localis,added,,
Streptoglossa sp. Cracking clays (S. van Leeuwen et al. PBS 7353) PN,,Streptoglossa sp. Cracking clays (S.van Leeuwen et al. PBS 7353),added,,
Streptoglossa sp. South Coast (R.M. Hoggart 16/1113) PN,,,added,,
Stylidium daphneae,,,added,,
Stylidium milleri,,,added,,
Stylidium monticola,Stirling Range Triggerplant,Stylidium monticola,added,,
Stylidium nitidum,Shiny Triggerplant,Stylidium nitidum,added,,
Stylidium perizoster,,,added,,
Stylidium shepherdianum,Shepherd's Boomerang Triggerplant,Stylidium shepherdianum,added,,
Stylidium strigosum,Strigose Triggerplant,Stylidium strigosum,added,,
Stylidium vinosum,Julimar Triggerplant,Stylidium vinosum,added,,
Styphelia allittii,,Leucopogon allittii,added,,
Styphelia angustiflora,,Styphelia angustiflora,added,,
Styphelia blackallii,,,added,,
Styphelia blepharolepis,,Leucopogon blepharolepis,added,,
Styphelia brevicuspis,,Leucopogon brevicuspis,added,,
Styphelia capillaris,Horts' Styphelia,Styphelia capillaris,added,,
Styphelia carolineae,,,added,,
Styphelia caudata,,,added,,
Styphelia cernua,,Styphelia cernua,added,,
Styphelia chlorantha,,Styphelia chlorantha,added,,
Styphelia cymbiformis,,Leucopogon cymbiformis,added,,
Styphelia deserticola,,Styphelia deserticola,added,,
Styphelia disjuncta,,Styphelia disjuncta,added,,
Styphelia exarata,,,added,,
Styphelia filamentosa,,Styphelia filamentosa,added,,
Styphelia filifolia,,Styphelia filifolia,added,,
Styphelia graniticola,,,added,,
Styphelia inopinata,,Styphelia inopinata,added,,
Styphelia intricata,,,added,,
Styphelia lanata,,Styphelia lanata,added,,
Styphelia longissima,,Styphelia longissima,added,,
Styphelia marginata,,Styphelia marginata,added,,
Styphelia multiflora,,Leucopogon multiflorus,added,,
Styphelia obtecta,Hidden Beard-heath,Leucopogon obtectus,added,,
Styphelia pogonocalyx,,Leucopogon pogonocalyx,added,,
Styphelia psilopus,,Styphelia psilopus,added,,
Styphelia quartzitica,,Styphelia quartzitica,added,,
Styphelia rectiloba,,Styphelia rectiloba,added,,
Styphelia rotundifolia,,Leucopogon rotundifolius,added,,
Styphelia saxicola,,Styphelia saxicola,added,,
Styphelia sp. Dumbleyung (A.J.G. Wilson 146),,Styphelia sp. Dumbleyung (A.J.G.Wilson 146),added,,
Styphelia sp. Kirkalocka (A.S. George 17738) PN,,,added,,
Styphelia sp. Wandoo (F. & J. Hort 2441),,Styphelia sp. Wandoo (F. & J.Hort 2441),added,,
Styphelia sp. Watheroo (M. Hislop 4324) PN,,,added,,
Styphelia sulcata,,Styphelia sulcata,added,,
Styphelia tamminensis,,Leucopogon tamminensis,added,,
Styphelia undulata,,,added,,
Swainsona disjuncta,,Swainsona disjuncta,added,,
Swainsona katjarra,,Swainsona katjarra,added,,
Swainsona picta,,,added,,
Swainsona sp. Burnerbinmah (D. Edinger et al. 38) PN,,Swainsona sp. Burnerbinmah (D.Edinger et al. 38),added,,
Synaphea sp. Jilakin Flat Rocks Rd (R. Butcher et. al RB200) PN,,Synaphea sp. Jilakin Flat Rocks Rd (R.Butcher et al. RB200),added,,
Synostemon arenosus,,,added,,
Synostemon rigidulus,,Synostemon rigidulus,added,,
Tecticornia enodis,Smooth-seeded Samphire,Tecticornia enodis,added,,
Tecticornia willisii,Spencer's Samphire,Tecticornia willisii,added,,
Tephrosia cardiophylla,Romantic Tephrosia,Tephrosia cardiophylla,added,,
Tephrosia cowiei,,Tephrosia cowiei,added,,
Tephrosia funicularis,,Tephrosia funicularis,added,,
Tephrosia lithosperma,,Tephrosia lithosperma,added,,
Tephrosia pedleyi,,Tephrosia pedleyi,added,,
Tephrosia sabulosa,,,added,,
Tephrosia sp. Central (P.K. Latz 17037),,Tephrosia sp. Central (P.K.Latz 17037),added,,
Tetratheca hirsuta subsp. boonanarring,,Tetratheca hirsuta subsp. boonanarring,added,,
Teucrium diabolicum,Devil's Germander,Teucrium diabolicum,added,,
Thelymitra porphyrosticta,Curly-locks,Thelymitra spiralis,added,,
Themeda sp. Panorama (J. Nelson et al. NS 102) PN,,,added,,
Thomasia julietiae,Juliet's Thomasia,Thomasia julietiae,added,,
Thomasia x formosa,,Thomasia x formosa,added,,
Thryptomene planiflora,Goldfields Laceflower,Thryptomene planiflora,added,,
Thryptomene sp. Hyden (B.J. Lepschi & L.A. Craven 4477),,Thryptomene sp. Hyden (B.J.Lepschi & L.A.Craven 4477),added,,
Thysanotus kalbarriensis,,Thysanotus sp. Kalbarri (D. & B.Bellairs 1523 A),added,,
Thysanotus sp. Ennuin (N. Gibson & M. Lyons 2665),,Thysanotus sp. Ennuin (N.Gibson & M.Lyons 2665),added,,
Thysanotus sp. Mount Madden (G.F. Craig 10516),,Thysanotus sp. Mount Madden (G.F.Craig 10516),added,,
Thysanotus sp. Yellowdine (A.S. George 6040),,Thysanotus sp. Yellowdine (A.S.George 6040),added,,
Trachymene oleracea subsp. sedimentum,,,added,,
Tribulopis sp. Mitchell Plateau (K.F. Kenneally 7935),,Tribulopis sp. Mitchell Plateau (K.F.Kenneally 7935),added,,
Tricostularia davisii,Davis’ Tricostularia,Tricostularia davisii,added,,
Tricostularia drummondii,Drummond’s Tricostularia,Tricostularia drummondii,added,,
Tricostularia lepschii,Lepschi’s Tricostularia,Tricostularia lepschii,added,,
Tricostularia sandifordiana,Sandiford’s Tricostularia,Tricostularia sandifordiana,added,,
"Tricostularia sp. Mogumber (A. Harris s.n., 23/12/2015) PN",,"Tricostularia sp. Mogumber (A.Harris s.n., 23/12/2015)",added,,
Tricostularia sp. Porongurup (I. Abbott 18) PN,,Tricostularia sp. Porongurup (I.Abbott 18),added,,
Tricostularia sp. Two Peoples Bay (G. Wardell-Johnson GWJ 114) PN,,Tricostularia sp. Two Peoples Bay (G.Wardell-Johnson GWJ 114),added,,
Triglochin sp. Condingup (R. Davis 10877),,Triglochin sp. Condingup (R.Davis 10877),added,,
Triodia birriliburu,,Triodia birriliburu,added,,
Triodia chichesterensis,,Triodia chichesterensis,added,,
Triodia infesta,,Triodia infesta,added,,
Triodia latzii,,Triodia latzii,added,,
Triodia mallota,,Triodia mallota,added,,
Triodia nana,,Triodia nana,added,,
Triodia pisoliticola,Mesa Spinifex,Triodia pisoliticola,added,,
Triodia plurinervata,,Triodia plurinervata,added,,
Triodia sp. Silvergrass (P.-L. de Kock BES 00808),,Triodia sp. Silvergrass (P.-L.de Kock BES 00808),added,,
Triodia veniciae,Roy Hill Spinifex,Triodia veniciae,added,,
Typhonium sp. Middle Creek (M.D. Barrett MDB 3246) PN,,Typhonium sp. Middle Creek (M.D.Barrett MDB 3246),added,,
Utricularia albertiana,,Utricularia albertiana,added,,
Utricularia baliboongarnang,,,added,,
Utricularia bidentata,,Utricularia bidentata,added,,
Utricularia hamata,,Utricularia hamata,added,,
Utricularia magna,,Utricularia magna,added,,
Utricularia oppositiflora,Fairy Aprons,Utricularia dichotoma,added,,
Utricularia papilliscapa,,Utricularia papilliscapa,added,,
Vallisneria sp. Weelarrana (M.N. Lyons & S.D. Lyons 3050),,Vallisneria sp. Weelarrana (M.N.Lyons & S.D.Lyons 3050),added,,
Verticordia elizabethiae,Elizabeth's Featherflower,Verticordia elizabethiae,added,,
Verticordia halophila,Salt-loving Featherflower,Verticordia halophila,added,,
Verticordia staminosa subsp. cylindracea var. cylindracea,,Verticordia staminosa subsp. cylindracea var. cylindracea,added,,
Verticordia staminosa subsp. cylindracea var. erecta,,Verticordia staminosa subsp. cylindracea var. erecta,added,,
Vincetoxicum polyanthum,Coast Tylophora,Tylophora benthamii,added,,
Wurmbea sp. Muggon (T.D. Macfarlane & R. Davis TDM 3336),,Wurmbea sp. Muggon (T.D.Macfarlane & R.Davis TDM 3336),added,,
Xerochrysum boreale,,Xerochrysum boreale,added,,
Actitis hypoleucos,Common Sandpiper,Actitis hypoleucos,added,,
Anoxypristis cuspidata,Narrow Sawfish,Anoxypristis cuspidata,added,,
Antichiropus sp. 'DIP004',Roy Hill Antichiropus Millipede,Antichiropus sp. 'DIP004',added,,
Antichiropus sp. 'DIP005',Abydos Antichiropus Millipede,Antichiropus sp. 'DIP005',added,,
Antichiropus sp. 'DIP006',Area C Antichiropus Millipede,Antichiropus sp. 'DIP006',added,,
Antichiropus sp. 'DIP007',Bond's Antichiropus Millipede,Antichiropus sp. 'DIP007',added,,
Antichiropus sp. 'DIP008',Flinders Antichiropus Millipede,Antichiropus sp. 'DIP008',added,,
Antichiropus sp. 'DIP013',Cloudbreak Antichiropus Millipede,Antichiropus sp. 'DIP013',added,,
Antichiropus sp. 'DIP029',Mt Bruce Antichiropus Millipede,Antichiropus sp. 'DIP029',added,,
Ardenna carneipes,Flesh-footed Shearwater,Ardenna carneipes,added,,
Ardenna grisea,Sooty Shearwater,Ardenna grisea,added,,
Ardenna pacifica,Wedge-tailed Petrel,Ardenna pacifica,added,,
Ardenna tenuirostris,Short-tailed Shearwater,Ardenna tenuirostris,added,,
Aspidites ramsayi (southwest subpopulation),Woma,Aspidites ramsayi,added,,
Australotomurus morbidus,Guildford Springtail,Australotomurus morbidus,added,,
Balaenoptera bonaerensis,Antarctic Minke Whale,Balaenoptera bonaerensis,added,,
Balaenoptera edeni,Bryde's Whale,Balaenoptera edeni,added,,
Bettongia lesueur subsp. (Barrow and Boodie Islands),Boodie (barrow And Boodie Islands),Bettongia lesueur subsp. (Barrow and Boodie Islands),added,,
Caperea marginata,Pygmy Right Whale,Caperea marginata,added,,
Carcharhinus falciformis,Silky Shark,Carcharhinus falciformis,added,,
Cetorhinus maximus,Basking Shark,Cetorhinus maximus,added,,
Chaeropus yirratji ,Yirratji,Chaeropus yirratji,added,,
Crinia fimbriata,Kimberley Froglet,Crinia fimbriata,added,,
Ctenophorus nguyarna,Lake Disappointment Dragon,Ctenophorus nguyarna,added,,
Ctenotus gemmula (Swan Coastal Plain subpopulation),Jewelled South-west Ctenotus,Ctenotus gemmula,added,,
Diomedea amsterdamensis ,Amsterdam Albatross,Diomedea amsterdamensis,added,,
Diomedea antipodensis,Antipodean Albatross,Diomedea antipodensis,added,,
Diomedea antipodensis gibsoni,Gibson's Albatross,Diomedea antipodensis gibsoni,added,,
Euoplos inornatus,Inornate Trapdoor Spider (northern Jarrah Forest),Euoplos inornatus,added,,
Galaxias truttaceus (Western Australian population),Western Spotted Galaxias,Galaxias truttaceus (Western Australian population),added,,
Glossurocolletes bilobatus,A Short-tongued Bee (southwest),Glossurocolletes bilobatus,added,,
Hurleya sp. (WAM C23193),Crystal Cave Crangonyctoid,Hurleya sp. (WAM C23193),added,,
Hydrobates monorhis,Swinhoe's Storm-petrel,Hydrobates monorhis,added,,
Hydroprogne caspia,Caspian Tern,Hydroprogne caspia,added,,
Idiosoma arenaceum,Geraldton Sandplain Shield-backed Trapdoor Spider,Idiosoma arenaceum,added,,
Idiosoma castellum,,Idiosoma castellum,added,,
Idiosoma clypeatum,Northern Shield-backed Trapdoor Spider,Idiosoma clypeatum,added,,
Idiosoma dandaragan,Dandaragan Plateau Shield-backed Trapdoor Spider,Idiosoma dandaragan,added,,
Idiosoma formosum,Ornate Shield-backed Trapdoor Spider,Idiosoma formosum,added,,
Idiosoma gardneri,Mt Lesueur Shield-backed Trapdoor Spider,Idiosoma gardneri,added,,
Idiosoma gutharuka,Gutha Pintharuka Shield-backed Trapdoor Spider,Idiosoma gutharuka,added,,
Idiosoma incomptum,Carnarvon Shield-backed Trapdoor Spider,Idiosoma incomptum,added,,
Idiosoma intermedium,Coolgardie Shield-backed Trapdoor Spider,Idiosoma intermedium,added,,
Idiosoma kopejtkaorum,Lake Goorly Shield-backed Trapdoor Spider,Idiosoma kopejtkaorum,added,,
Idiosoma kwongan,Kwongan Heath Shield-backed Trapdoor Spider,Idiosoma kwongan,added,,
Idiosoma mcclementsorum,Julimar Shield-backed Trapdoor Spider,Idiosoma mcclementsorum,added,,
Idiosoma mcnamarai,Central-eastern Wheatbelt Shield-backed Trapdoor Spider,Idiosoma mcnamarai,added,,
Idiosoma schoknechtorum,Mortlock River Shield-backed Trapdoor Spider,Idiosoma schoknechtorum,added,,
Idiosoma sigillatum,Swan Coastal Plain Shield-backed Trapdoor Spider,Idiosoma sigillatum,added,,
Isoodon fusciventer,Quenda,Isoodon fusciventer,added,,
Isurus oxyrinchus,Mako Shark,Isurus oxyrinchus,added,,
Isurus paucus,Longfin Mako,Isurus paucus,added,,
Ixobrychus flavicollis australis (southwest subpopulation),,Ixobrychus flavicollis australis,added,,
Lagenodelphis hosei,Fraser's Dolphin,Lagenodelphis hosei,added,,
Lagenorhynchus obscurus,Dusky Dolphin,Lagenorhynchus obscurus,added,,
Lagorchestes hirsutus subsp. (Central Australia),Rufous Hare-wallaby (central Australia),Lagorchestes hirsutus subsp. (Central Australia),added,,
Lamna nasus,Mackerel Shark,Lamna nasus,added,,
Mobula alfredi ,Coastal Manta Ray,Mobula alfredi,added,,
Mobula birostris ,Giant Manta Ray,Mobula birostris,added,,
Mobula eregoodoo ,Pygmy Devilray,Mobula eregoodoo,added,,
Mobula thurstoni,Bentfin Devilray,Mobula thurstoni,added,,
Mormopterus cobourgianus,North-western Free-tailed Bat,Ozimops cobourgianus,added,,
Nanotrachia orientalis,A Camaenid Land Snail (eastern Napier Ranges),Nanotrachia orientalis,added,,
Ninox connivens connivens (southwest subpopulation),Barking Owl (southwest Subpop.),Ninox (Hieracoglaux) connivens connivens,added,,
Northiella narethae,Naretha Blue Bonnet,Northiella narethae,added,,
Notamacropus eugenii derbianus,Tammar Wallaby,Notamacropus eugenii derbianus,added,,
Notamacropus irma,Western Brush Wallaby,Notamacropus irma,added,,
Onychoprion anaethetus,Bridled Tern,Onychoprion anaethetus,added,,
Orcinus orca,Orca,Orcinus orca,added,,
Osphranter robustus isabellinus,Barrow Island Euro,Osphranter robustus isabellinus,added,,
Pandion haliaetus,Osprey,Pandion haliaetus,added,,
Perameles bougainville,Shark Bay Bandicoot,Perameles bougainville,added,,
Perameles myosuros,Marl,Perameles myosuros,added,,
Perameles papillon,Butterfly Bandicoot,Perameles papillon,added,,
Petrogale lateralis centralis,Warru (central Australian Rock-wallaby),Petrogale lateralis centralis,added,,
Petrogale lateralis kimberleyensis,Wiliji,Petrogale lateralis kimberleyensis,added,,
Phaps elegans (Abrolhos subpopulation),Brush Bronzewing,Phaps (Phaps) elegans,added,,
Rhinonicteris aurantia (Pilbara form),Pilbara Leaf-nosed Bat,Rhinonicteris aurantia (Pilbara form),added,,
Rhytidid sp. (WAM 2295-69),Stirling Range Rhytidid Snail,Rhytidid sp. (WAM 2295-69),added,,
Rostratula australis,Australian Painted-snipe,Rostratula australis,added,,
Spatula querquedula,Garganey,Spatula querquedula,added,,
Stenella attenuata,Pantropical Spotted Dolphin,Stenella attenuata,added,,
Stenella longirostris,Spinner Dolphin,Stenella longirostris,added,,
Stercorarius maccormicki,South Polar Skua,Stercorarius maccormicki,added,,
Sterna paradisaea,Arctic Tern,Sterna (Sterna) paradisaea,added,,
Sternula albifrons,Little Tern,Sternula albifrons,added,,
Sternula nereis nereis,Fairy Tern,Sternula nereis nereis,added,,
Teyl sp. (MYG693),,,added,,
Thalassarche cauta cauta,Shy Albatross,Thalassarche cauta cauta,added,,
Thalassarche cauta steadi,White-capped Albatross,Thalassarche steadi,added,,
Thinornis cucullatus,Hooded Plover,Thinornis cucullatus,added,,
Trichosurus vulpecula arnhemensis,Northern Brushtail Possum (kimberley),Trichosurus vulpecula arnhemensis,added,,
Tursiops aduncus,Long-beaked Bottle-nosed Dolphin,Tursiops aduncus,added,,
Xenus cinereus,Terek Sandpiper,Xenus cinereus,added,,
Aganippe castellum,,,removed,,Idiosoma castellum
Anas clypeata,,,removed,,Anas clypeata
Anas querquedula,,,removed,Garganey,Anas (Querquedula) querquedula
Antichiropus sp. DIP004,,,removed,Roy Hill Antichiropus Millipede,Antichiropus sp. 'DIP004'
Antichiropus sp. DIP005,,,removed,Abydos Antichiropus Millipede,Antichiropus sp. 'DIP005'
Antichiropus sp. DIP006,,,removed,Area C Antichiropus Millipede,Antichiropus sp. 'DIP006'
Antichiropus sp. DIP007,,,removed,Bond's Antichiropus Millipede,Antichiropus sp. 'DIP007'
Antichiropus sp. DIP008,,,removed,Flinders Antichiropus Millipede,Antichiropus sp. 'DIP008'
Antichiropus sp. DIP013,,,removed,Cloudbreak Antichiropus Millipede,Antichiropus sp. 'DIP013'
Antichiropus sp. DIP029,,,removed,Mt Bruce Antichiropus Millipede,Antichiropus sp. 'DIP029'
Arbanitis inornatus,,,removed,,Cataxia maculata
Ardea ibis,,,removed,Cattle Egret,Bubulcus ibis
Ardea modesta,,,removed,Eastern Great Egret,Casmerodius modesta
Aspidites ramsayi (southwest subpop.),,,removed,Woma (southwest Subpop.),Aspidites ramsayi (southwest subpop.)
Austromerope poultoni,,,removed,,Austromerope poultoni
Bettongia lesueur subsp. (WAM M10733),,,removed,Burrowing Bettong,Bettongia lesueur
Calidris alpina,,,removed,Dunlin,Calidris alpina
Calidris bairdii,,,removed,Baird's Sandpiper,Calidris bairdii
Calidris canutus piersmai,,,removed,,Calidris (Calidris) canutus piersmai
Calidris canutus rogersi,,,removed,Red Knot (ssp. Rogersi),Calidris (Calidris) canutus rogersi
Calidris minuta,,,removed,Little Stint,Calidris (Ereunetes) minuta
Catharacta maccormicki (Stercorarius maccormicki),,,removed,South Polar Skua,Stercorarius maccormicki
Charadrius hiaticula,,,removed,Ringed Plover,Charadrius hiaticula
Charadrius leschenaultii leschenaultii,,,removed,Greater Sand Plover,Charadrius (Charadrius) leschenaultii leschenaultii
Charadrius rubricollis,,,removed,Eastern Hooded Dotteral,Thinornis cucullatus cucullatus
Ctenotus gemmula (Swan Coastal Plain subpop.),,,removed,Jewelled Southwest Ctenotus (swan Coastal Plain Subpop.),Ctenotus gemmula (Swan Coastal Plain subpop.)
Diomedea amsterdamensis,,,removed,Amsterdam Albatross,Diomedea amsterdamensis
Diomedea gibsoni (Diomedea antipodensis gibsoni),,,removed,Gibson's Albatross,Diomedea gibsoni
Draculoides vinei,,,removed,Cape Range Schizomid,Draculoides vinei
Galaxias truttaceus hesperius,,,removed,Trout Galaxias,Galaxias truttaceus
Hemiergis sp. 'koontoolasi',,,removed,,Hemiergis
Hurleya sp. (WAM642-97),,,removed,,Hurleya
Isoodon obesulus fusciventer,,,removed,Quenda,Isoodon fusciventer
Ixobrychus flavicollis australis,,,removed,,Ixobrychus flavicollis australis
Lagorchestes hirsutus subsp. (NTM U2430),,,removed,Rufous Hare-wallaby (mala),Lagorchestes hirsutus
Leioproctus bilobatus,,,removed,A Short-tongued Bee (southwest),Glossurocolletes bilobatus
Macropus eugenii derbianus,,,removed,Tammar Wallaby,Notamacropus eugenii
Macropus irma,,,removed,Western Brush Wallaby,Notamacropus irma
Macropus robustus isabellinus,,,removed,Eastern Wallaroo,Osphranter robustus robustus
Merops ornatus,,,removed,Rainbow Bee-eater,Merops (Merops) ornatus
Mormopterus loriae cobourgiana,,,removed,,Mormopterus loriae cobourgiana
Mouldingia orientalis,,,removed,A Camaenid Land Snail (eastern Napier Ranges),Nanotrachia orientalis
Ninox connivens connivens,,,removed,Barking Owl (southwest Subpop.),Ninox (Hieracoglaux) connivens connivens
Northiella haematogaster narethae,,,removed,Naretha Blue Bonnet,Northiella narethae
Oceanodroma leucorhoa (Hydrobates leucorhoa),,,removed,Leach's Storm Petrel,Oceanodroma leucorhoa
Oceanodroma monorhis (Hydrobates monorhis),,,removed,Swinhoe's Storm-petrel,Hydrobates monorhis
Pachysaga munggai,,,removed,,Pachysaga munggai
Pandion haliaetus (Pandion cristatus),,,removed,Osprey,Pandion haliaetus
Perameles bougainville bougainville,,,removed,Shark Bay Bandicoot,Perameles bougainville
Petrogale lateralis subsp. (ANWC CM15314),,,removed,Black-footed Rock-wallaby,Petrogale lateralis
Petrogale lateralis subsp. (WAM M15135),,,removed,Black-footed Rock-wallaby,Petrogale lateralis
Phalaropus fulicarius (Phalaropus fulicaria),,,removed,Grey (red) Phalarope,Phalaropus fulicarius
Phaps elegans (Abrolhos subpop.),,,removed,Brush Bronzewing (abrolhos Subpop.),Phaps elegans (Abrolhos subpop.)
Pseudomys gouldii,,,removed,Koontin,Pseudomys gouldii
Puffinus carneipes (Ardenna carneipes),,,removed,Flesh-footed Shearwater,Ardenna carneipes
Puffinus griseus (Ardenna grisea),,,removed,Sooty Shearwater,Puffinus griseus
Puffinus pacificus (Ardenna pacifica),,,removed,Wedge-tailed Petrel,Ardenna pacifica
Puffinus tenuirostris (Ardenna tenuirostris),,,removed,,Puffinus tenuirostris
Rhinonicteris aurantia (Pilbara),,,removed,Orange Leaf-nosed Bat,Rhinonicteris aurantia
Rhytidid sp. (WAM2295-69),,,removed,,Rhytidid sp. (WAM2295-69)
Rostratula australis (Rostratula benghalensis australis),,,removed,Australian Painted-snipe,Rostratula australis
Stenella longirostris longirostris,,,removed,Spinner Dolphin,Stenella longirostris
Sterna albifrons (Sternula albifrons),,,removed,Little Tern,Sternula albifrons
Sterna anaethetus (Onychoprion anaethetus),,,removed,,Onychoprion anaethetus anaethetus
Sterna caspia (Hydroprogne caspia),,,removed,Caspian Tern,Hydroprogne caspia
Sterna nereis nereis,,,removed,Fairy Tern,Sterna nereis
"Teyl sp. (BY Main 1953/2683, 1984/13)",,,removed,Minnivale Trapdoor Spider,"Teyl sp. (BY Main 1953/2683, 1984/13)"
Thalassarche cauta (Thalassarche cauta cauta),,,removed,Shy Albatross,Thalassarche cauta
Thalassarche steadi (Thalassarche cauta steadi),,,removed,White-capped Albatross,Thalassarche steadi
Trichosurus vulpecula arnhemensis (Kimberley),,,removed,Northern Brushtail Possum (kimberley),Trichosurus vulpecula arnhemensis
Tringa cinerea (Xenus cinereus),,,removed,,Tringa cinerea
Tringa hypoleucos (Actitis hypoleucos),,,removed,Common Sandpiper,Actitis hypoleucos
Tryngites subruficollis,,,removed,Buff-breasted Sandpiper,Tryngites subruficollis
Zaglossus bruijnii,,,removed,Western Long-beaked Echidna,Zaglossus bruijnii
Acacia glaucocaesia,,,removed,,Acacia glaucocaesia
Acacia karina,,,removed,,Acacia karina
Acacia sp. East Fortescue (J. Bull & D. Roberts ONS A 27.01),,,removed,,Acacia sp. East Fortescue (J.Bull & D.Roberts ONS A 27.01)
Actinoschoenus glabrispiculus,,,removed,Smooth Actinoschoenus,Actinoschoenus glabrispiculus
Actinoschoenus quadricostatus,,,removed,Four-ribbed Actinoschoenus,Actinoschoenus quadricostatus
Actinoschoenus ramosus,,,removed,Soft Actinoschoenus,Actinoschoenus ramosus
Alyogyne sp. Rockingham (G.J. Keighery 14463) PN,,,removed,,Alyogyne sp. Rockingham (G.J.Keighery 14463)
Amanita griseibrunnea,,,removed,,Amanita griseibrunnea
Apium prostratum subsp. Porongurup Range (G.J. Keighery 8631),,,removed,,Apium prostratum subsp. Porongurup Range (G.J.Keighery 8631)
Arthrostylis aphylla,,,removed,,Arthrostylis aphylla
Asplenium obtusatum subsp. northlandicum,,,removed,Shore Spleenwort,Asplenium obtusatum subsp. northlandicum
Asterolasia nivea,,,removed,Bindoon Starbush,Asterolasia nivea
Asterolasia pallida subsp. hyalina,,,removed,,Asterolasia pallida subsp. hyalina
Asterolasia sp. Kalgan River (S. Barrett 1522),,,removed,,Asterolasia sp. Kalgan River (S.Barrett 1522)
Astroloma chloranthum,,,removed,,Astroloma chloranthum
Astroloma inopinatum,,,removed,,Astroloma inopinatum
Astroloma sp. Dumbleyung (A.J.G. Wilson 146),,,removed,,Astroloma sp. Dumbleyung (A.J.G.Wilson 146)
Astroloma sp. sessile leaf (J.L. Robson 657) PN,,,removed,,Astroloma sp. sessile leaf (J.L.Robson 657)
Austrostipa blackii,,,removed,Crested Spear-grass,Austrostipa blackii
Austrostipa bronwenae,,,removed,,Austrostipa bronwenae
Austrostipa sp. Cairn Hill (M.E. Trudgen 21176),,,removed,,Austrostipa sp. Cairn Hill (M.E.Trudgen 21176)
Austrostipa sp. Carlingup Road (S. Kern & R. Jasper LCH 18459),,,removed,,Austrostipa sp. Carlingup Road (S.Kern & R.Jasper LCH 18459)
Austrostipa sp. Dowerin (G. Wiehl F 8004),,,removed,,Austrostipa sp. Dowerin (G. Wiehl F 8004)
Austrostipa sp. Koorda (Anonymous s.n. PERTH 08730202),,,removed,,Austrostipa sp. Koorda (Anonymous s.n. PERTH 08730202)
Austrostipa sp. Mt Holland (W.A. Thompson & J. Allen 948),,,removed,,Austrostipa sp. Mt Holland (W.A.Thompson & J.Allen 948)
Austrostipa sp. Ravensthorpe Range (A. Markey & J. Allen 6261),,,removed,,Austrostipa sp. Ravensthorpe Range (A.Markey & J.Allen 6261)
Baeckea grandibracteata subsp. Parker Range (K. Newbey 9270),,,removed,,Baeckea grandibracteata subsp. Parker Range (K.R.Newbey 9270)
Baeckea sp. Baladjie (P.J. Spencer 24),,,removed,,Baeckea sp. Baladjie (P.J.Spencer 24)
Baeckea sp. Beringbooding (A.R. Main 11/9/1957),,,removed,,Baeckea sp. Beringbooding (A.R.Main 11/9/1957)
Baeckea sp. Blue Haze Mine (P. Armstrong 06/910),,,removed,,Baeckea sp. Blue Haze Mine (P.Armstrong 06/910)
Baeckea sp. Bulla Bulling (D.J.E. Whibley 4648),,,removed,,Baeckea sp. Bulla Bulling (D.J.E.Whibley 4648)
Baeckea sp. Bungalbin Hill (B.J. Lepschi & L.A. Craven 4586),,,removed,,Baeckea sp. Bungalbin Hill (B.J.Lepschi & L.A.Craven 4586)
Baeckea sp. Crossroads (B.L. Rye & M.E. Trudgen 241186),,,removed,,Baeckea sp. Crossroads (B.L.Rye & M.E.Trudgen 241186)
Baeckea sp. Die Hardy Range (E. Mattiske J91),,,removed,,Baeckea sp. Die Hardy Range (E.Mattiske J91)
Baeckea sp. East Yuna (R. Spjut & C. Edson 7077),,,removed,,Baeckea sp. East Yuna (R.Spjut & C.Edson 7077)
Baeckea sp. Elsewhere Road (M.E. Trudgen 5420),,,removed,,Baeckea sp. Elsewhere Road (M.E.Trudgen 5420)
Baeckea sp. Eujinyn (J. Buegge D 99),,,removed,,Baeckea sp. Eujinyn (J.Buegge D99)
Baeckea sp. Exclamation Lake (M.E. Trudgen 1524),,,removed,,Baeckea sp. Exclamation Lake (M.E.Trudgen 1524)
Baeckea sp. Fitzgerald Peaks (P.J. Poli 53),,,removed,,Baeckea sp. Fitzgerald Peaks (P.J.Poli 53)
Baeckea sp. Forrestania (K.R. Newbey 1105),,,removed,,Baeckea sp. Forrestania (K.R.Newbey 1105)
Baeckea sp. Gnarlbine Rocks (G. Barrett GRH469),,,removed,,Baeckea sp. Gnarlbine Rocks (G.Barrett GRH 469)
Baeckea sp. Hatter Hill (K.R. Newbey 3284),,,removed,,Baeckea sp. Hatter Hill (K.R.Newbey 3284)
Baeckea sp. Hyden (J.M. Brown 141),,,removed,,Baeckea sp. Hyden (J.M.Brown 141)
Baeckea sp. Jaurdi Station (L.W. Sage & F. Hort 2229),,,removed,,Baeckea sp. Jaurdi Station (L.W.Sage & F.Hort 2229)
Baeckea sp. Kellerberrin (C.A. Gardner s.n. PERTH 03351009),,,removed,,Baeckea sp. Kellerberrin (C.A.Gardner s.n. PERTH 03351009)
Baeckea sp. Koorda (W.E. Blackall 3371),,,removed,,Baeckea sp. Koorda (W.E.Blackall 3371)
Baeckea sp. Lake Brown (E. Merrall s.n. 1889),,,removed,,Baeckea sp. Lake Brown (E.Merrall s.n. 1889)
Baeckea sp. Lake Cronin (K.R. Newbey 9191),,,removed,,Baeckea sp. Lake Cronin (K.R.Newbey 9191)
Baeckea sp. Mt Gibbs (G.F. Craig 7031),,,removed,,Baeckea sp. Mt Gibbs (G.F.Craig 7031)
Baeckea sp. Mt Glasse (P.G. Wilson 5717),,,removed,,Baeckea sp. Mt Glasse (P.G.Wilson 5717)
Baeckea sp. Mt Jackson (G.J. Keighery 4362),,,removed,,Baeckea sp. Mt Jackson (G.J.Keighery 4362)
Baeckea sp. Muntadgin (E.T. Bailey 231),,,removed,,Baeckea sp. Muntadgin (E.T.Bailey 231)
Baeckea sp. Narembeen (G.J. Keighery & N. Gibson 3010),,,removed,,Baeckea sp. Narembeen (G.J.Keighery & N.Gibson 3010)
Baeckea sp. North Ironcap (R.J. Cranfield 10580),,,removed,,Baeckea sp. North Ironcap (R.J.Cranfield 10580)
Baeckea sp. Pigeon Rocks (D. Grace DJP 281),,,removed,,Baeckea sp. Pigeon Rocks (D.Grace DJP 281)
Baeckea sp. Sheoaks Rocks (M.E. Trudgen MET5452),,,removed,,Baeckea sp. Sheoaks Rocks (M.E. Trudgen MET5452)
Baeckea sp. Stockton Road (M.E. Trudgen MET22077 & B. Rye),,,removed,,Baeckea sp. Stockton Road (M.E.Trudgen MET22077 & B.Rye)
Baeckea sp. Tammin (R. Coveny 8319 & B. Habberley),,,removed,,Baeckea sp. Tammin (R.Coveny 8319 & B.Habberley)
Baeckea sp. Tampia Hill (J.C. Anway 327),,,removed,,Baeckea sp. Tampia Hill (J.C. Anway 327)
Baeckea sp. Three Springs (M.E. Trudgen 5368),,,removed,,Baeckea sp. Three Springs (M.E.Trudgen 5368)
Baeckea sp. Wialki (G.M. Storr s.n. 4/10/1958),,,removed,,Baeckea sp. Wialki (G.M. Storr s.n. 4/10/1958)
Baeckea sp. Yacke Yackine Dam (K.R. Newbey 9195),,,removed,,Baeckea sp. Yacke Yackine Dam (K.R.Newbey 9195)
Banksia densa var. densa,,,removed,,Banksia densa var. densa
Banksia densa var. parva,,,removed,,Banksia densa var. parva
Boronia acanthoclada,,,removed,,Boronia acanthoclada
Boronia baeckeacea subsp. patula,,,removed,,Boronia baeckeacea subsp. patula
Boronia clavata,,,removed,Bremer Boronia,Boronia clavata
Boronia crenulata var. angustifolia,,,removed,,Boronia crenulata var. angustifolia
Boronia ramosa subsp. lesueurana,,,removed,,Boronia ramosa subsp. lesueurana
Boronia tenuis,,,removed,Blue Boronia,Boronia tenuis
Boronia westringioides,,,removed,,Boronia westringioides
Borya sp. Synnot Range (M.D. Barrett MDB 444),,,removed,,Borya sp. Synnot Range (M.D.Barrett MDB 444)
Bossiaea sp. Frankland (E.M. Sandiford EMS 896),,,removed,,Bossiaea sp. Frankland (E.M.Sandiford EMS 896)
Brachyloma pirara MS,,,removed,,Brachyloma pirara MS
Caesia talingka,,,removed,,Caesia talingka MS
Calamphoreus inflatus,,,removed,,Calamphoreus inflatus
Calandrinia sp. Boolardy Station (P. Jayasekara 719-JHR-01) PN,,,removed,,Calandrinia sp. Boolardy Station (P.Jayasekara 719-JHR-01)
"Calandrinia sp. Goongarrie (F. Obbens, F. Hort & J. Hort FO 18/13)",,,removed,,"Calandrinia sp. Goongarrie (F.Obbens, F.Hort & J.Hort FO 18/13)"
Calandrinia sp. Piawaning (A.C. Beauglehole 12257),,,removed,,Calandrinia sp. Piawaning (A.C.Beauglehole 12257)
Calandrinia sp. Widgiemooltha (F. Obbens & E. Reid FO 9/05),,,removed,Parakeelya,Calandrinia
Calotis latiuscula,,,removed,Leafy Burr-daisy,Calotis latiuscula
Calytrix platycheiridia,,,removed,,Calytrix platycheiridia
Calytrix sp. Kennedy Range (A. Markey & S. Dillon 6301),,,removed,,Calytrix sp. Kennedy Range (A.Markey & S.Dillon 6301)
Calytrix sp. Tutunup (G.J. Keighery & N. Gibson 2953),,,removed,,Calytrix sp. Tutunup (G.J.Keighery & N.Gibson 2953)
Carpobrotus pulcher,,,removed,,Carpobrotus sp. Lateral Flowers (N.Gibson & M.Lyons 973)
Centrolepis caespitosa,,,removed,,Centrolepis caespitosa
Chamelaucium sp. Canna (G. Keighery s.n. PERTH 02236435),,,removed,,Chamelaucium sp. Canna (G.J.Keighery s.n. PERTH 02236435)
Chamelaucium sp. Cape Vancouver (B. Swainson & D. Davidson s.n. PERTH 01259660),,,removed,,Chamelaucium sp. Cape Vancouver (B.Swainson & D.Davidson s.n. PERTH 01259660)
Chamelaucium sp. Gingin (N.G. Marchant 6),,,removed,Gingin Wax,Chamelaucium sp. Gingin (N.G.Marchant 6)
Chamelaucium sp. Mt Frankland (A.S. George 11117),,,removed,,Chamelaucium sp. Mt Frankland (A.S.George 11117)
Chamelaucium sp. Nornalup (N.G. Marchant 76/125),,,removed,,Chamelaucium sp. Nornalup (N.G.Marchant 76/125)
Chamelaucium sp. S coastal plain (R.D.Royce 4872),,,removed,Royce's Waxflower,Chamelaucium sp. S coastal plain (R.D.Royce 4872)
Chamelaucium sp. Walpole (P.G. Wilson 6318),,,removed,,Chamelaucium sp. Walpole (P.G.Wilson 6318)
Chamelaucium sp. Waychinicup (D. Davidson s.n. PERTH 01486527),,,removed,,Chamelaucium sp. Waychinicup (D.Davidson s.n. PERTH 01486527)
Chamelaucium sp. Yoongarillup (G.J. Keighery 3635),,,removed,,Chamelaucium sp. Yoongarillup (G.J.Keighery 3635)
Cleome kenneallyi,,,removed,,Cleome kenneallyi
Coleanthera coelophylla,,,removed,,Coleanthera coelophylla
Coleanthera virgata,,,removed,Hidden Coleanthera,Coleanthera virgata
Comesperma pallidum,,,removed,,Comesperma pallidum
Comesperma sp. A Kimberley Flora (D.W. Rust 8),,,removed,,Comesperma sp. A Kimberley Flora (D.W.Rust 8)
Conospermum paniculatum,,,removed,,Conospermum paniculatum
Conostephium sp. Cascades (R. Bruhn 24/899 CAS),,,removed,,Conostephium sp. Cascades (R.Bruhn 24/899 CAS)
Crassula colorata var. miriamiae,,,removed,,Crassula colorata var. miriamae
Cryptandra sp. Cowcowing (Wittwer W 1210),,,removed,,Cryptandra sp. Cowcowing (Wittwer W 1210)
Cuphonotus humistratus,,,removed,Mother-of-misery,Cuphonotus humistratus
Cyathostemon sp. Mt Dimer (C. McChesney TRL 4/72),,,removed,,Cyathostemon verrucosus
Cyathostemon sp. Red Roo Rock (G.F. Craig 6896) PN,,,removed,,Cyathostemon sp. Red Roo Rock (G.F.Craig 6896)
Cyphanthera odgersii subsp. occidentalis,,,removed,,Cyphanthera odgersii subsp. occidentalis
Dampiera sp. Jaurdi (D. Angus DA 268),,,removed,,Dampiera sp. Jaurdi (D.Angus DA 268)
Dampiera sp. Jurien (G. Lullfitz s.n. 10/7/1986),,,removed,,Dampiera sp. Jurien (G.Lullfitz s.n. 10/7/1986)
Darwinia sp. Canna (R. Davis 11241),,,removed,,Darwinia sp. Canna (R.Davis 11241)
Darwinia sp. Mt Ridley (W.R. Archer 510914) PN,,,removed,,Darwinia sp. Mt Ridley (W.R.Archer 510914)
Darwinia sp. Strawberry (M.G. Corrick 8279) PN,,,removed,,Darwinia sp. Strawberry (M.G.Corrick 8279)
Daviesia elongata subsp. elongata,,,removed,,Daviesia elongata subsp. elongata
Daviesia elongata subsp. implexa,,,removed,,Daviesia elongata subsp. implexa
Desmodium flagellare,,,removed,,Desmodium flagellare
Desmodium pullenii,,,removed,,Desmodium pullenii
Diocirea acutifolia,,,removed,,Diocirea acutifolia
Diocirea microphylla,,,removed,,Diocirea microphylla
Drosera macrantha subsp. eremaea,,,removed,,Drosera macrantha subsp. eremaea
Drosera marchantii subsp. prophylla,,,removed,,Drosera prophylla
Drosera occidentalis subsp. occidentalis,,,removed,Minute Pygmy Sundew,Drosera occidentalis
Drummondita rubroviridis,,,removed,,Drummondita rubroviridis
Drummondita sp. Trayning (A.M. George 97),,,removed,,Drummondita sp. Trayning (A.M.George 97)
Ectrosia lasioclada,,,removed,,Ectrosia lasioclada
Eremophila annosocaulis,,,removed,,Eremophila annosocaulis
Eremophila glabra subsp. Kokeby (R. Davis 5080),,,removed,,Eremophila glabra subsp. Kokeby (R.Davis 5080)
Eremophila microtheca subsp. narrow leaves (J.D.Start D12-150),,,removed,,Eremophila microtheca subsp. narrow leaves (J.D.Start D12-150)
Eremophila oldfieldii subsp. Karara (D. Coultas s.n. PERTH 07341717),,,removed,,Eremophila oldfieldii subsp. Karara (D.Coultas s.n. PERTH 07341717)
Eremophila sp. Hamersley Range (K. Walker KW 136),,,removed,,Eremophila sp. Hamersley Range (K.Walker KW 136)
Eremophila sp. Rothsay (D. Coultas & J. Kelt s.n. PERTH 08200440),,,removed,,Eremophila sp. Rothsay (D.Coultas & J.Kelt s.n. PERTH 08200440)
Eremophila sp. Rudall River (P.G. Wilson 10512),,,removed,,Eremophila sp. Rudall River (P.G.Wilson 10512)
Eriochilus dilatatus subsp. orientalis,,,removed,Eastern Bunny Orchid,Eriochilus dilatatus subsp. orientalis
Eucalyptus caesia,,,removed,Gungurru,Eucalyptus caesia
Eucalyptus erectifolia,,,removed,Stirling Range Mallee,Eucalyptus erectifolia
Eucalyptus famelica,,,removed,,Eucalyptus famelica
Eucalyptus formanii,,,removed,Formans Mallee,Eucalyptus formanii
Eucalyptus goniantha subsp. kynoura,,,removed,Point Hillier Mallee,Eucalyptus goniantha subsp. kynoura
Eucalyptus leptophylla var. floribunda,,,removed,Narrow-leaved Red Mallee,Eucalyptus leptophylla
Eucalyptus litorea,,,removed,Saline Mallee,Eucalyptus litorea
Eucalyptus microschema,,,removed,,Eucalyptus microschema
Eucalyptus myriadena subsp. parviflora,,,removed,,Eucalyptus myriadena subsp. parviflora
Eucalyptus nigrifunda,,,removed,Desert Wandoo,Eucalyptus nigrifunda
Eucalyptus phenax subsp. compressa,,,removed,Kangaroo Island Mallee,Eucalyptus phenax subsp. compressa
Ficus lilliputiana,,,removed,,Ficus lilliputiana
Fimbristylis pachyptera,,,removed,,Fimbristylis pachyptera
Gastrolobium sp. Harvey (G.J. Keighery 16821),,,removed,,Gastrolobium sp. Harvey (G.J.Keighery 16821)
Gastrolobium sp. Yoongarillup (S.Dilkes s.n. 1/9/1969),,,removed,,Gastrolobium sp. Yoongarillup (S.Dilkes s.n. 1/9/1969)
Geleznowia sp. Red Bluff (A. Crawford ADC 597),,,removed,,Geleznowia sp. Red Bluff (A.Crawford ADC 597)
Genus sp. Nillup (R.D. Royce 98),,,removed,,Genus sp. Nillup (R.D.Royce 98)
Glycine lactovirens,,,removed,,Glycine lactovirens
Goodenia nuda,,,removed,,Goodenia nuda
Goodenia sp. South Coast (A.R. Annels ARA1846),,,removed,,Goodenia sp. South Coast (A.R. Annels ARA1846)
Grammosolen sp. Mt Ridley (W.R. Archer 1210911),,,removed,,Grammosolen sp. Mt Ridley (W.R.Archer 1210911)
Grevillea bronwenae,,,removed,,Grevillea bronwenae
Grevillea manglesii subsp. dissectifolia,,,removed,,Grevillea manglesii subsp. dissectifolia
Grevillea manglesii subsp. ornithopoda,,,removed,Birdsfoot Grevillea,Grevillea manglesii subsp. ornithopoda
Grevillea sp. Koolyanobbing (W.P. Muir WPM 3344),,,removed,,Grevillea sp. Koolyanobbing (W.P.Muir WPM 3344)
Grevillea sp. Shark Bay (N.H. Speck 24/09/1953),,,removed,,Grevillea sp. Shark Bay (N.H.Speck 24/09/1953)
Grevillea sp. Stirling Range (D.J. McGillivray 3488 & A.S. George),,,removed,,Grevillea sp. Stirling Range (D.J.McGillivray 3488 & A.S.George)
Grevillea thelemanniana subsp. Cooljarloo (B.J. Keighery 28 B),,,removed,,Grevillea sp. Cooljarloo (B.J.Keighery 28 B)
Grevillea thelemanniana subsp. thelemanniana,,,removed,Spider Net Grevillea,Grevillea thelemanniana
Gunniopsis propinqua,,,removed,,Gunniopsis propinqua
Gyrostemon sp. Ravensthorpe (G. Cockerton & N. Evelegh 9467),,,removed,,Gyrostemon sp. Ravensthorpe (G.Cockerton & N.Evelegh 9467)
Hakea cygna subsp. needlei,,,removed,,Hakea cygna subsp. needlei
Hakea sp. Great Victoria Desert (L. Cockram LAC 139) PN,,,removed,,Hakea sp. Great Victoria Desert (L.Cockram LAC 139)
Haloragis sp. Parrot Ridge (G.J. Keighery 11563),,,removed,,Haloragis sp. Parrot Ridge (G.J.Keighery 11563)
Heliotropium aenigmatum,,,removed,,Heliotropium aenigmatum
Heliotropium alcyonium,,,removed,,Heliotropium alcyonium
Heliotropium apertum,,,removed,,Heliotropium apertum
Heliotropium calvariavis,,,removed,,Heliotropium calvariavis
Heliotropium cupressinum,,,removed,,Heliotropium cupressinum
Heliotropium discorde,,,removed,,Heliotropium discorde
Heliotropium foveolatum,,,removed,,Heliotropium foveolatum
Heliotropium galioides,,,removed,,Heliotropium galioides
Heliotropium geocharis,,,removed,,Heliotropium geocharis
Heliotropium muticum,,,removed,,Heliotropium muticum
Heliotropium nesopelydum,,,removed,,Heliotropium nesopelydum
Heliotropium parviantrum,,,removed,,Heliotropium parviantrum
Heliotropium synaimon,,,removed,,Heliotropium synaimon
Heliotropium tachyglossoides,,,removed,,Heliotropium tachyglossoides
Heliotropium uniflorum,,,removed,,Heliotropium uniflorum
Hemigenia dulca,,,removed,,Hemigenia dulca
Hemigenia pimelifolia,,,removed,,Hemigenia pimelifolia
Hemigenia sp. Three Springs (S. Patrick 4043 A),,,removed,,Hemigenia sp. Three Springs (S.Patrick 4043A)
Heterachne gulliveri var. major,,,removed,,Heterachne gulliveri var. major
Hibbertia montana,,,removed,,Hibbertia montana
Hibbertia sp. Tenterden (M. Sowry 154),,,removed,,Hibbertia sp. Tenterden (M.Sowry 154)
Hibbertia sp. Toolbrunup (J.R. Wheeler 2504) PN,,,removed,,Hibbertia sp. Toolbrunup (J.R.Wheeler 2504)
Hibbertia spicata subsp. leptotheca,,,removed,,Hibbertia spicata subsp. leptotheca
Hibiscus sp. Canga (P.J.H. Hurter & J. Naaykens 11013),,,removed,,Hibiscus sp. Canga (P.J.H.Hurter & J.Naaykens 11013)
Hibiscus sp. Carnarvon (S. van Leeuwen 5110),,,removed,,Hibiscus sp. Carnarvon (S.van Leeuwen 5110)
Hybanthus bennettiae,,,removed,Bennett's Violet,Hybanthus bennettiae
Hydrocotyle sp. Coorowensis (P.G. Wilson 12580),,,removed,,Hydrocotyle sp. Coorowensis (P.G.Wilson 12580)
Hydrocotyle sp. Coraginaensis (K.R. Newbey 7477),,,removed,,Hydrocotyle sp. Coraginaensis (K.R.Newbey 7477)
Hydrocotyle sp. Decipiens (G.J. Keighery 463),,,removed,,Hydrocotyle sp. Decipiens (G.J.Keighery 463)
Hydrocotyle sp. Hamelinensis (G.J. Keighery s.n. PERTH 02391325),,,removed,,Hydrocotyle sp. Hamelinensis (G.J. Keighery s.n. PERTH 02391325)
Hydrocotyle sp. Hexaptera (T. Erickson TEE 173),,,removed,,Hydrocotyle sp. Hexaptera (T.Erickson TEE 173)
Hydrocotyle sp. Truslove (M.A. Burgman 4419),,,removed,,Hydrocotyle sp. Truslove (M.A.Burgman 4419)
Hydrocotyle sp. Vigintimilia (P.G. Wilson 7940),,,removed,,Hydrocotyle sp. Vigintimilia (P.G.Wilson 7940)
Hydrocotyle sp. Warriedar (P.G. Wilson 12267),,,removed,,Hydrocotyle sp. Warriedar (P.G.Wilson 12267)
Hypocalymma puniceum subsp. Cadoux (H. Demarz 10533),,,removed,,Hypocalymma puniceum subsp. Cadoux (H.Demarz 10533)
Hypocalymma sp. Lake King (R.W. Purdie 3936) PN,,,removed,,Hypocalymma sp. Lake King (R.W.Purdie 3936)
Hypoxis sp. Prince Regent River (M.D. Barrett 924 B),,,removed,,Pauridia sp. Prince Regent River (M.D.Barrett 924 B)
Hysterobaeckea ochropetala,,,removed,,Hysterobaeckea ochropetala
Indigofera sp. Bungaroo Creek (S. van Leeuwen 4301),,,removed,,Indigofera sp. Bungaroo Creek (S.van Leeuwen 4301)
Isolepis humillima,,,removed,,Isolepis humillima
Isopogon drummondii,,,removed,,Isopogon drummondii
Jacquemontia sp. Keep River (J.L. Egan 5051),,,removed,,Jacquemontia
Josephinia sp. Marandoo (M.E. Trudgen 1554),,,removed,,Josephinia sp. Marandoo (M.E.Trudgen 1554)
Kunzea sp. Dragon Rocks (K. Kershaw KK 2184),,,removed,,Kunzea sp. Dragon Rocks (K.Kershaw KK 2184)
Lasiopetalum oldfieldii subsp. oldfieldii,,,removed,,Lasiopetalum oldfieldii
Lasiopetalum sp. Badgingarra (E.A. Griffin 5278),,,removed,,Lasiopetalum sp. Badgingarra (E.A.Griffin 5278)
Lasiopetalum sp. Hill River (T.N. Stoate 5),,,removed,,Lasiopetalum sp. Hill River (T.N.Stoate 5)
Lasiopetalum sp. Mount Caroline (S.D. Hopper SDH 6381),,,removed,,Lasiopetalum sp. Mount Caroline (S.D.Hopper SDH 6381)
Lasiopetalum sp. Mount Lesueur (E.A. Griffin 1997),,,removed,,Lasiopetalum sp. Mount Lesueur (E.A.Griffin 1997)
Lasiopetalum sp. Toodyay (F. Hort 2689),,,removed,,Lasiopetalum sp. Toodyay (F.Hort 2689)
Latrobea colophona,,,removed,,Latrobea colophona
Laxmannia jamesii,,,removed,James' Paperlily,Laxmannia jamesii
Lechenaultia divaricata,,,removed,Tangled Leschenaultia,Lechenaultia divaricata
Leptocarpus crassipes,,,removed,,Leptocarpus crassipes
Leucopogon allittii,,,removed,,Leucopogon allittii
Leucopogon blepharolepis,,,removed,,Leucopogon blepharolepis
Leucopogon cymbiformis,,,removed,,Leucopogon cymbiformis
Leucopogon marginatus,,,removed,Thick-margined Leucopogon,Leucopogon marginatus
Leucopogon multiflorus,,,removed,,Leucopogon multiflorus
Leucopogon obtectus,,,removed,Hidden Beard-heath,Leucopogon obtectus
Leucopogon pogonocalyx,,,removed,,Leucopogon pogonocalyx
Leucopogon psilopus,,,removed,,Leucopogon psilopus
Leucopogon rotundifolius,,,removed,,Leucopogon rotundifolius
Leucopogon sp. Badgingarra (R. Davis 421),,,removed,,Leucopogon sp. Badgingarra (R.Davis 421)
Leucopogon sp. Barren Range (A.S. George 10092),,,removed,,Leucopogon sp. Barren Range (A.S.George 10092)
Leucopogon sp. Bifid Eneabba (M. Hislop 1927) PN,,,removed,,Leucopogon sp. Bifid Eneabba (M.Hislop 1927)
Leucopogon sp. Bindoon (F. Hort 2766),,,removed,,Leucopogon sp. Bindoon (F.Hort 2766)
Leucopogon sp. Bonnie Hill (K.R. Newbey 9831),,,removed,,Leucopogon sp. Bonnie Hill (K.R.Newbey 9831)
Leucopogon sp. Bungulla (R.D. Royce 3435),,,removed,,Leucopogon sp. Bungulla (R.D.Royce 3435)
"Leucopogon sp. Flynn (F. Hort, J. Hort & A. Lowrie 859)",,,removed,,"Leucopogon sp. Flynn (F.Hort, J.Hort & A.Lowrie 859)"
Leucopogon sp. Gingilup (N. Gibson & M. Lyons 590),,,removed,,Leucopogon sp. Gingilup (N.Gibson & M.Lyons 590)
Leucopogon sp. Kambalda (J. Williams s.n. PERTH 07305028),,,removed,,Leucopogon sp. Kambalda (J.Williams s.n. PERTH 07305028)
Leucopogon sp. Lake Tay (W.R. Archer 2104138),,,removed,,Leucopogon sp. Lake Tay (W.R.Archer 2104138)
Leucopogon sp. Murdoch (M. Hislop 1037) PN,,,removed,,Leucopogon sp. Murdoch (M.Hislop 1037)
Leucopogon sp. Ongerup (A.S. George 16682),,,removed,,Leucopogon sp. Ongerup (A.S.George 16682)
Leucopogon sp. Varley (M. Hislop 3659) PN,,,removed,,Leucopogon sp. Varley (M.Hislop 3659)
Leucopogon sp. ciliate Eneabba (F. Obbens & C. Godden s.n. 3/7/2003),,,removed,,Leucopogon
Leucopogon tamminensis var. tamminensis,,,removed,,Leucopogon tamminensis var. tamminensis
Liparis habenarina,,,removed,Common Sphinx Orchid,Liparis habenarina
Lipocarpha chinensis,,,removed,,Cyperus albescens
Marsdenia glandulifera,,,removed,,Marsdenia glandulifera
Marsdenia hemiptera,,,removed,Rusty Vine,Marsdenia hemiptera
Melaleuca ringens,,,removed,,Melaleuca ringens
Merremia umbellata subsp. orientalis,,,removed,,Merremia umbellata subsp. orientalis
Myriophyllum callitrichoides subsp. striatum,,,removed,,Myriophyllum callitrichoides subsp. striatum
Myriophyllum sp. Harding Range (M.D. Barrett & R.L. Barrett MDB 1825),,,removed,,Myriophyllum sp. Harding Range (M.D.Barrett & R.L.Barrett MDB 1825)
Newcastelia insignis,,,removed,,Newcastelia insignis
Nicotiana heterantha,,,removed,Broome Tobacco,Nicotiana heterantha
Oldenlandia sp. Hamersley Station (A.A. Mitchell PRP 1479),,,removed,,Oldenlandia sp. Hamersley Station (A.A.Mitchell PRP 1479)
Opercularia rubioides,,,removed,,Opercularia rubioides
Opercularia sp. Stirling Range (M. Hislop 2839),,,removed,,Opercularia sp. Stirling Range (M.Hislop 2839)
Ozothamnus sp. Northampton (J. Brooker & M. Weir 913),,,removed,,Ozothamnus sp. Northampton (J.Brooker & M.Weir 913)
Phebalium sp. Mt Gibbs (G.F. Craig 6658) PN,,,removed,,Phebalium sp. Mt Gibbs (G.F.Craig 6658)
Philotheca sp. Mukinbudin (M. Hancock s.n. 08/09/1999),,,removed,,Philotheca sp. Mukinbudin (M.Hancock s.n. 08/09/1999)
Phyllanthus baeckeoides,,,removed,,Phyllanthus baeckeoides
Phyllanthus eremicus,,,removed,Desert Phyllanthus,Phyllanthus eremicus
Phyllanthus fuernrohrii,,,removed,Sand Spurge,Phyllanthus fuernrohrii
Phyllanthus indigoferoides,,,removed,,Phyllanthus indigoferoides
Physopsis chrysotricha,,,removed,,Physopsis chrysotricha
Pimelea sp. Tarin Rock (E.J. Croxford 2118),,,removed,,Pimelea sp. Tarin Rock (E.J.Croxford 2118)
Pityrodia sp. Marble Bar (G. Woodman & D. Coultas GWDC Opp 4),,,removed,,Pityrodia sp. Marble Bar (G.Woodman & D.Coultas GWDC Opp 4)
Pleurocarpaea gracilis,,,removed,,Pleurocarpaea gracilis
Prasophyllum paulineae,,,removed,Pauline's Laughing Leek Orchid,Prasophyllum paulinae
Pterocaulon intermedium,,,removed,,Pterocaulon intermedium
Pterostylis sp. laterite (D.L. Jones 3081 & M.A. Clements),,,removed,,Pterostylis tryphera
Ptilotus daphne,,,removed,,Ptilotus daphne
Pultenaea wudjariensis,,,removed,,Pultenaea wudjariensis
Rhagodia sp. Yeelirrie Station (K.A. Shepherd et al. KS 1396),,,removed,,Rhagodia sp. Yeelirrie Station (K.A. Shepherd et al. KS 1396)
Ricinocarpos sp. Eastern Goldfields (A. Williams 3),,,removed,,Ricinocarpos sp. Eastern Goldfields (A.Williams 3)
Sarcocornia globosa,,,removed,,Sarcocornia globosa
Sauropus arenosus,,,removed,,Sauropus arenosus
Sauropus rigidulus,,,removed,Shrubby Synostemon,Sauropus rigidulus
Schizachyrium mitchelliana,,,removed,,Schizachyrium mitchelliana
Schoenus sp. Marble Bar (D. Coultas & S. Coultas DCSC-Opp 07),,,removed,,Schoenus sp. Marble Bar (D.Coultas & S.Coultas DCSC-Opp 07)
Scholtzia sp. Ajana (T.A. Halliday 137),,,removed,,Scholtzia sp. Ajana (T.A.Halliday 137)
Scholtzia sp. Binnu (M.E. Trudgen 2218),,,removed,,Scholtzia sp. Binnu (M.E.Trudgen 2218)
Scholtzia sp. Binnu East Road (M.E. Trudgen 12013),,,removed,,Scholtzia sp. Binnu East Road (M.E.Trudgen 12013)
Scholtzia sp. Bungabandi Creek (M. Quicke EURA 48),,,removed,,Scholtzia sp. Bungabandi Creek (M.Quicke EURA 48)
Scholtzia sp. Dongara (R. Hart 8401),,,removed,,Scholtzia sp. Dongara (R.Hart 8401)
Scholtzia sp. East Yuna (A.C. Burns 6),,,removed,,Scholtzia sp. East Yuna (A.C.Burns 6)
Scholtzia sp. Eradu (R.D. Royce 8016),,,removed,,Scholtzia sp. Eradu (R.D.Royce 8016)
Scholtzia sp. Eurardy (J.S. Beard 6886),,,removed,,Scholtzia sp. Eurardy (J.S.Beard 6886)
Scholtzia sp. Galena (W.E. Blackall 4728),,,removed,,Scholtzia sp. Galena (W.E.Blackall 4728)
Scholtzia sp. Gunyidi (J.D. Briggs 1721),,,removed,,Scholtzia sp. Gunyidi (J.D.Briggs 1721)
Scholtzia sp. Kojarena (A.M. Ashby 1904),,,removed,,Scholtzia sp. Kojarena (A.M.Ashby 1904)
Scholtzia sp. Murchison River (A.S. George 7908),,,removed,,Scholtzia sp. Murchison River (A.S.George 7908)
Scholtzia sp. Prowaka Springs (R.J. Cranfield & P. Spencer 8083),,,removed,,Scholtzia sp. Prowaka Springs (R.J. Cranfield & P. Spencer 8083)
Scholtzia sp. Ross Graham Lookout (S. Maley 6),,,removed,,Scholtzia sp. Ross Graham Lookout (S.Maley 6)
Scholtzia sp. Valentine Road (S. Patrick 2142),,,removed,,Scholtzia sp. Valentine Road (S.J.Patrick 2142)
Scholtzia sp. Yandanooka (R. Soullier 646),,,removed,,Scholtzia sp. Yandanooka (R.Soullier 646)
Scholtzia sp. Yuna (C.A. Gardner 14286),,,removed,,Scholtzia sp. Yuna (C.A.Gardner 14286)
Scholtzia sp. Z-Bend (Bellairs-Kalflora 912a),,,removed,,Scholtzia sp. Z-Bend (Bellairs-Kalflora 912a)
Selliera radicans,,,removed,Raumangu,Selliera radicans
Seringia exastia,,,removed,Fringed Fire-bush,Seringia exastia
Seringia katatona,,,removed,Red Dune Fire-bush,Seringia x katatona
Solanum octonum,,,removed,,Solanum octonum
Stachystemon sp. Keysbrook (R. Archer 17/11/99),,,removed,,Stachystemon sp. Keysbrook (R.Archer 17/11/99)
Stylidium daphne,,,removed,,Stylidium daphne
Stylidium perizostera,,,removed,,Stylidium perizostera
Stylidium sp. Banovich Road (F. & J. Hort 1884),,,removed,,Stylidium sp. Banovich Road (F. & J.Hort 1884)
Stylidium sp. Bluff Knoll (S. Barrett s.n. 8/11/1994),,,removed,,Stylidium sp. Bluff Knoll (S.Barrett s.n. 8/11/1994)
Stylidium sp. Dewars Pool (K.F. Kenneally 11400),,,removed,,Stylidium sp. Dewars Pool (K.F.Kenneally 11400)
Stylidium sp. Glabrous inflorescence (R. Davis 7917),,,removed,,Stylidium sp. Glabrous inflorescence (R.Davis 7917)
Styphelia sp. Bullfinch (M. Hislop 3574),,,removed,,Styphelia sp. Bullfinch (M.Hislop 3574)
Styphelia sp. Great Victoria Desert (N. Murdock 44),,,removed,,Styphelia sp. Great Victoria Desert (N.Murdock 44)
Tecticornia sp. Little Sandy Desert (K.A. Shepherd & C. Wilkins KS 830),,,removed,,Tecticornia sp. Little Sandy Desert (K.A.Shepherd & C.Wilkins KS 830)
Tecticornia sp. Sunshine Lake (K.A. Shepherd et al. KS 867),,,removed,,Tecticornia sp. Sunshine Lake (K.A.Shepherd et al. KS 867)
Tephrosia sp. Saw Ranges (D. Kabay s.n. PERTH 06720544),,,removed,,Tephrosia sp. Saw Ranges (D.Kabay s.n. PERTH 06720544)
Tetraria australiensis,,,removed,Southern Tetraria,Tetraria australiensis
Tetraria sp. Blackwood River (A.R. Annels 3043),,,removed,,Tetraria sp. Blackwood River (A.R.Annels 3043)
Tetraria sp. Chandala (G.J. Keighery 17055),,,removed,,Tetraria sp. Chandala (G.J.Keighery 17055)
Tetraria sp. Nannup (P.A. Jurjevich 1133),,,removed,,Tetraria sp. Nannup (P.A.Jurjevich 1133)
Tetraria sp. Warren (M. McCallum Webster 23/2/1979),,,removed,,Tetraria sp. Warren (M.McCallum Webster 23/2/1979)
Tetratheca sp. Boonanarring (F. Hort 1509),,,removed,,Tetratheca sp. Boonanarring (F.Hort 1509)
Tetratheca sp. Granite (S. Patrick SP1224),,,removed,,Tetratheca sp. Granite (S.Patrick SP1224)
Teucrium sp. dwarf (R. Davis 8813),,,removed,,Teucrium sp. dwarf (R.Davis 8813)
Thomasia formosa,,,removed,,Thomasia x formosa
Thomasia sp. Arthur River (H.F. & M. Broadbent 1409),,,removed,,Thomasia sp. Arthur River (H.F. & M.Broadbent 1409)
Thomasia sp. Toolbrunup (G.J. Keighery 9895),,,removed,,Thomasia sp. Toolbrunup (G.J.Keighery 9895)
Thryptomene sp. Hyden (B.J. Lepschi & L.A. Craven 4477) PN,,,removed,,Thryptomene sp. Hyden (B.J.Lepschi & L.A.Craven 4477)
Thryptomene sp. Londonderry (R.H. Kuchel 1763),,,removed,,Thryptomene sp. Londonderry (R.H.Kuchel 1763)
Thysanotus sp. Kalbarri (D. & B. Bellairs 1523 A),,,removed,,Thysanotus sp. Kalbarri (D. & B.Bellairs 1523 A)
Trachymene oleracea subsp. sedimenta,,,removed,,Trachymene oleracea subsp. sedimenta
Tribonanthes sp. Lake Muir (G.J. Keighery & N. Gibson 2134),,,removed,,Tribonanthes sp. Lake Muir (G.J.Keighery & N.Gibson 2134)
Tricostularia sp. Lake King (A.M. Coates 2298),,,removed,,Tricostularia sp. Lake King (A.M.Coates 2298)
Triodia caelestialis,,,removed,,Triodia caelestialis
Triodia sp. Pannawonica (B.M. Anderson & M.D. Barrett BMA 89),,,removed,,Triodia mallota
Triodia sp. Robe River (M.E. Trudgen et al. MET 12367),,,removed,,Triodia sp. Robe River (M.E.Trudgen et al. MET 12367)
Tylophora benthamii,,,removed,Coast Tylophora,Tylophora benthamii
Utricularia arnhemica,,,removed,,Utricularia arnhemica
Utricularia dunstaniae,,,removed,,Utricularia dunstaniae
Utricularia sp. Theda (M.D. Barrett MDB 2056),,,removed,,Utricularia sp. Theda (M.D.Barrett MDB 2056)
Velleia exigua,,,removed,,Velleia exigua
Verreauxia verreauxii,,,removed,Spindly Verreauxia,Verreauxia verreauxii
Verticordia staminosa var. cylindracea,,,removed,,Verticordia staminosa var. cylindracea
Verticordia staminosa var. erecta,,,removed,,Verticordia staminosa var. erecta
