scientificName,family,genus,vernacularName,generalisation
Anthochaera phrygia,Meliphagidae,Anthochaera,Regent Honeyeater,10km
Botaurus poiciloptilus,Ardeidae,Botaurus,Australasian Bittern,1km
Callocephalon fimbriatum,Cacatuidae,Callocephalon,Gang-gang Cockatoo,1km
Calyptorhynchus lathami lathami,Cacatuidae,Calyptorhynchus,Glossy Black-cockatoo,1km
Climacteris picumnus victoriae,Climacteridae,Climacteris,Brown Treecreeper (south-eastern),1km
Hieraaetus morphnoides,Accipitridae,Hieraaetus,Little Eagle,1km
Lathamus discolor,Psittacidae,Lathamus,Swift Parrot,10km
Melanodryas cucullata cucullata,Petroicidae,Melanodryas,Hooded Robin,1km
Ninox connivens,Strigidae,Ninox,Barking Owl,1km
Ninox strenua,Strigidae,Ninox,Powerful Owl,1km
Polytelis swainsonii,Psittacidae,Polytelis,Superb Parrot,1km
Litoria aurea,Hylidae,Litoria,Green and Golden Bell Frog,1km
Litoria castanea,Hylidae,Litoria,Yellow-spotted Bell Frog,1km
Litoria raniformis,Hylidae,Litoria,Southern Bell Frog,1km
Litoria verreauxii alpina,Hylidae,Litoria,Alpine Tree Frog,1km
Pseudophryne pengilleyi,Myobatrachidae,Pseudophryne,Northern Corroboree Frog,1km
Acrodipsas aurata,Lycaenidae,Acrodipsas,Golden Ant-blue,1km
Acrodipsas brisbanensis,Lycaenidae,Acrodipsas,Bronze Ant-blue,1km
Acrodipsas myrmecophila,Lycaenidae,Acrodipsas,Small Ant-blue,10km
Anisynta monticolae,Hesperiidae,Anisynta,Montane Grass-skipper,1km
Herimosa albovenata,Hesperiidae,Herimosa,White-veined Sand-skipper,1km
Hesperilla donnysa,Hesperiidae,Hesperilla,Varied Sedge-skipper,1km
Heteronympha banksii,Nymphalidae,Heteronympha,Banks' Brown,1km
Hypochrysops byzos,Lycaenidae,Hypochrysops,Yellow Jewel,10km
Hypochrysops delicia,Lycaenidae,Hypochrysops,Moonlight Jewel,1km
Oreixenica latialis,Nymphalidae,Oreixenica,Small Alpine Xenica,1km
Paralucia spinifera,Lycaenidae,Paralucia,Bathurst or Purple Copper Butterfly,1km
Pseudalmenus chlorinda,Lycaenidae,Pseudalmenus,Silky Hairstreak,1km
Toxidia peron,Hesperiidae,Toxidia,Dingy Grass-skipper,1km
Euastacus armatus,Parastacidae,Euastacus,Murray River Crayfish,1km
Euastacus crassus,Parastacidae,Euastacus,Alpine (Spiny) Crayfish,1km
Euastacus rieki,Parastacidae,Euastacus,Riek's Crayfish,1km
Austroaeschna flavomaculata,Telephlebiidae,Austroaeschna,Alpine Darner,1km
Austropetalia tonyana,Austropetaliidae,Austropetalia,Alpine Redspot,1km
Maratus harrisi,Salticidae,Maratus,Harris's Peacock Spider,1km
Bettongia gaimardi,Potoroidae,Bettongia,Eastern Bettong,1km
Cervus elaphus,Cervidae,Cervus,Red Deer,1km
Cervus unicolor,Cervidae,Cervus,Sambar Deer,1km
Dama dama,Cervidae,Dama,Fallow Deer,1km
Equus caballus,Equidae,Equus,"Feral Horse, Brumby",1km
Isoodon obesulus obesulus,Peramelidae,Isoodon,Southern Brown Bandicoot (Eastern),1km
Mastacomys fuscus mordicus,Muridae,Mastacomys,Broad-toothed Rat,1km
Petaurus australis,Petauridae,Petaurus,Yellow-bellied Glider,1km
Petrogale penicillata,Macropodidae,Petrogale,Brush-tailed Rock-wallaby,10km
Phascolarctos cinereus,Phascolarctidae,Phascolarctos,Koala,1km
Sus scrofa,Suidae,Sus,Feral Pig,1km
Craspedia aurantia var. aurantia,Asteraceae,Craspedia,Orange Billy Button,1km
Craspedia aurantia var. jamesii,Asteraceae,Craspedia,,1km
Craspedia canens,Asteraceae,Craspedia,Grey Billy Button,1km
Craspedia lamicola,Asteraceae,Craspedia,Bog Billy Button,1km
Myriocephalus rhizocephalus,Asteraceae,Myriocephalus,Woolly-Heads,1km
Asplenium bulbiferum,Aspleniaceae,Asplenium,Hen and Chicken Fern,1km
Asplenium gracillimum,Aspleniaceae,Asplenium,Mother Spleenwort,1km
Asplenium trichomanes,Aspleniaceae,Asplenium,Common Spleenwort,1km
Blechnum cartilagineum,Blechnaceae,Blechnum,Gristle Fern,1km
Blechnum fluviatile,Blechnaceae,Blechnum,Way Water Fern,1km
Botrychium australe,Ophioglossaceae,Botrychium,Austral Moonwort,1km
Botrychium lunaria,Ophioglossaceae,Botrychium,Grassy Moonwort,1km
Dicksonia antarctica,Dicksoniaceae,Dicksonia,Soft Treefern,1km
Diplazium australe,Woodsiaceae,Diplazium,Austral Lady Fern,1km
Gleichenia dicarpa,Gleicheniaceae,Gleichenia,Wiry Coral Fern,1km
Gleichenia microphylla,Gleicheniaceae,Gleichenia,Scrambling Coral Fern,1km
Histiopteris incisa,Dennstaedtiaceae,Histiopteris,Bat's Wing Fern,1km
Hymenophyllum cupressiforme,Hymenophyllaceae,Hymenophyllum,Common Filmy Fern,1km
Lycopodium deuterodensum,Lycopodiaceae,Lycopodium,Bushy Club Moss,1km
Marsilea costulifera,Marsileaceae,Marsilea,Narrow-Leaf Nardoo,1km
Marsilea mutica,Marsileaceae,Marsilea,Nardoo,1km
Notogrammitis billardierei,Polypodiaceae,Notogrammitis,Finger Fern,1km
Pilularia novae-hollandiae,Marsileaceae,Pilularia,Austral Pillwort,1km
Pleurosorus subglandulosus,Aspleniaceae,Pleurosorus,Blanket Fern,1km
Sticherus lobatus,Gleicheniaceae,Sticherus,Spreading Fan Fern,1km
Todea barbara,Osmundaceae,Todea,King Fern,1km
Acianthus collinus,Orchidaceae,Acianthus,Inland Mosquito Orchid,1km
Acianthus exsertus,Orchidaceae,Acianthus,Large Mosquito Orchid,1km
Bunochilus montanus,Orchidaceae,Bunochilus,Montane Leafy Greenhood,1km
Bunochilus umbrinus,Orchidaceae,Bunochilus,Broad-sepaled Leafy Greenhood,1km
Caladenia actensis,Orchidaceae,Caladenia,Canberra Spider Orchid,10km
Caladenia aestiva,Orchidaceae,Caladenia,Mountain Summer Spider Orchid,10km
Caladenia armata,Orchidaceae,Caladenia,Majura Spider Orchid,10km
Caladenia atrovespa,Orchidaceae,Caladenia,Green-Comb Spider Orchid or Fringed Spider Orchid,1km
Caladenia congesta,Orchidaceae,Caladenia,Pink Caps,1km
Caladenia dimorpha,Orchidaceae,Caladenia,,1km
Caladenia filamentosa,Orchidaceae,Caladenia,Daddy Long-Legs,1km
Caladenia hildae,Orchidaceae,Caladenia,Golden Caps,1km
Caladenia mentiens,Orchidaceae,Caladenia,Cryptic Pink-Fingers,1km
Caladenia montana,Orchidaceae,Caladenia,Mountain Spider Orchid,1km
Caladenia parva,Orchidaceae,Caladenia,Brown-Clubbed Spider Orchid,1km
Caladenia testacea,Orchidaceae,Caladenia,Honey Caladenia,1km
Caleana minor,Orchidaceae,Caleana,Small Duck Orchid,1km
Calochilus campestris,Orchidaceae,Calochilus,Copper Beard Orchid,1km
Calochilus gracillimus,Orchidaceae,Calochilus,Brownish Beard Orchid,1km
Calochilus montanus,Orchidaceae,Calochilus,Copper Beard Orchid,1km
Calochilus paludosus,Orchidaceae,Calochilus,Strap Beard Orchid,1km
Calochilus platychilus,Orchidaceae,Calochilus,Purple Beard Orchid,1km
Calochilus therophilus,Orchidaceae,Calochilus,Late Beard Orchid,1km
Chiloglottis reflexa,Orchidaceae,Chiloglottis,Long-clubbed Wasp Orchid,1km
Chiloglottis seminuda,Orchidaceae,Chiloglottis,Turtle Orchid,1km
Chiloglottis trapeziformis,Orchidaceae,Chiloglottis,Diamond Ant Orchid,1km
Chiloglottis turfosa,Orchidaceae,Chiloglottis,Bog Bird Orchid,1km
Chiloglottis valida,Orchidaceae,Chiloglottis,Large Bird Orchid,1km
Chiloglottis x pescottiana,Orchidaceae,Chiloglottis,Bronze Bird Orchid,1km
Corunastylis arrecta,Orchidaceae,Corunastylis,Erect Midge Orchid,1km
Corunastylis clivicola,Orchidaceae,Corunastylis,Rufous Midge Orchid,1km
Corunastylis cornuta,Orchidaceae,Corunastylis,Horned Midge Orchid,1km
Corunastylis ectopa,Orchidaceae,Corunastylis,Brindabella Midge Orchid,10km
Corunastylis nuda,Orchidaceae,Corunastylis,Tiny Midge Orchid,1km
Corybas grumulus,Orchidaceae,Corybas,Stately Helmet Orchid,1km
Corybas hispidus,Orchidaceae,Corybas,Bristly Helmet Orchid,1km
Corybas incurvus,Orchidaceae,Corybas,Slaty Helmet Orchid,1km
Cyrtostylis reniformis,Orchidaceae,Cyrtostylis,Common Gnat Orchid,1km
Dipodium hamiltonianum,Orchidaceae,Dipodium,Yellow Hyacinth Orchid,10km
Dipodium punctatum,Orchidaceae,Dipodium,Blotched Hyacinth Orchid,1km
Dipodium roseum,Orchidaceae,Dipodium,Rosy Hyacinth Orchid,1km
Diuris amabilis,Orchidaceae,Diuris,Large Golden Moth,1km
Diuris chryseopsis,Orchidaceae,Diuris,Golden Moths,1km
Diuris dendrobioides,Orchidaceae,Diuris,Late Mauve Doubletail,1km
Diuris monticola,Orchidaceae,Diuris,Highland Golden Moths,1km
Diuris nigromontana,Orchidaceae,Diuris,Black Mountain Leopard Orchid,1km
Diuris pardina,Orchidaceae,Diuris,Leopard Doubletail,1km
Diuris punctata,Orchidaceae,Diuris,Purple Diuris,1km
Diuris semilunulata,Orchidaceae,Diuris,Late Leopard Orchid,1km
Diuris subalpina,Orchidaceae,Diuris,Small Snake Orchid,1km
Diuris sulphurea,Orchidaceae,Diuris,Hornet Orchid,1km
Eriochilus cucullatus,Orchidaceae,Eriochilus,Parson's Bands,1km
Eriochilus magenteus,Orchidaceae,Eriochilus,Magenta Autumn Orchid,1km
Gastrodia procera,Orchidaceae,Gastrodia,Potato Orchid,1km
Gastrodia sesamoides,Orchidaceae,Gastrodia,Cinnamon Bells,1km
Gastrodia surcula,Orchidaceae,Gastrodia,Snowgum Potato Orchid,1km
Lyperanthus suaveolens,Orchidaceae,Lyperanthus,Brown Beaks,1km
Microtis arenaria,Orchidaceae,Microtis,Common Onion Orchid,1km
Microtis oblonga,Orchidaceae,Microtis,Sweet Onion Orchid,1km
Oligochaetochilus aciculiformis,Orchidaceae,Oligochaetochilus,Needle-Point Rustyhood,1km
Oligochaetochilus hamatus,Orchidaceae,Oligochaetochilus,Southern Hooked Rustyhood,1km
Oligochaetochilus squamatus,Orchidaceae,Oligochaetochilus,Southern Rustyhood,1km
Orthoceras strictum,Orchidaceae,Orthoceras,Horned Orchid,1km
Paraprasophyllum jeaneganiae,Orchidaceae,Paraprasophyllum,Jean's Leek Orchid,1km
Prasophyllum alpestre,Orchidaceae,Prasophyllum,Mauve Leek Orchid,1km
Prasophyllum brevilabre,Orchidaceae,Prasophyllum,Short-lipped Leek Orchid,1km
Prasophyllum canaliculatum,Orchidaceae,Prasophyllum,Summer Leek Orchid,1km
Prasophyllum innubum,Orchidaceae,Prasophyllum,Brandy Marys Leek Orchid,1km
Prasophyllum montanum,Orchidaceae,Prasophyllum,Brindabella Leek Orchid,1km
Prasophyllum odoratum,Orchidaceae,Prasophyllum,Mountain Leek Orchid,1km
Prasophyllum petilum,Orchidaceae,Prasophyllum,Tarengo Leek Orchid,10km
Prasophyllum sphacelatum,Orchidaceae,Prasophyllum,Large Alpine Leek-Orchid,1km
Prasophyllum tadgellianum,Orchidaceae,Prasophyllum,Tadgell's Leek Orchid,1km
Prasophyllum venustum,Orchidaceae,Prasophyllum,Charming Leek Orchid,1km
Prasophyllum viriosum,Orchidaceae,Prasophyllum,Stocky Leek Orchid,1km
Pterostylis aestiva,Orchidaceae,Pterostylis,Long-tongued Summer Greenhood,1km
Pterostylis alpina,Orchidaceae,Pterostylis,Mountain Greenhood,10km
Pterostylis ampliata,Orchidaceae,Pterostylis,Large Autumn Greenhood,1km
Pterostylis aneba,Orchidaceae,Pterostylis,Small Mountain Greenhood,1km
Pterostylis atrans,Orchidaceae,Pterostylis,Dark-tipped Greenhood,1km
Pterostylis bicolor,Orchidaceae,Pterostylis,Black-tipped Greenhood,1km
Pterostylis clivicola,Orchidaceae,Pterostylis,Mountain Black-Tip Greenhood,1km
Pterostylis coccina,Orchidaceae,Pterostylis,Scarlet Greenhoood,1km
Pterostylis crassicaulis,Orchidaceae,Pterostylis,Alpine Swan Greenhood,1km
Pterostylis curta,Orchidaceae,Pterostylis,Blunt Greenhood,1km
Pterostylis cycnocephala,Orchidaceae,Pterostylis,Swan Greenhood,1km
Pterostylis decurva,Orchidaceae,Pterostylis,Summer Greenhood,1km
Pterostylis falcata,Orchidaceae,Pterostylis,Sickle Greenhood,1km
Pterostylis fischiorum,Orchidaceae,Pterostylis,Fisch's Greenhood,1km
Pterostylis laxa,Orchidaceae,Pterostylis,Antelope Greenhood,1km
Pterostylis melagramma,Orchidaceae,Pterostylis,Black-Stripe Greenhood,1km
Pterostylis monticola,Orchidaceae,Pterostylis,Large Mountain Greenhood,1km
Pterostylis multiflora,Orchidaceae,Pterostylis,Tall Tiny Greenhood,1km
Pterostylis mutica,Orchidaceae,Pterostylis,Midget Greenhood,1km
Pterostylis nana,Orchidaceae,Pterostylis,Dwarf Snail Orchid,1km
Pterostylis nutans,Orchidaceae,Pterostylis,Nodding Greenhood,1km
Pterostylis oreophila,Orchidaceae,Pterostylis,Kiandra Greenhood,10km
Pterostylis parviflora,Orchidaceae,Pterostylis,Tiny Greenhood,1km
Pterostylis pedunculata,Orchidaceae,Pterostylis,Maroonhood,1km
Pterostylis rubescens,Orchidaceae,Pterostylis,Blushing Tiny Greenhood,1km
Pterostylis truncata,Orchidaceae,Pterostylis,Little Dumpies,1km
Spiranthes alticola,Orchidaceae,Spiranthes,Mountain Spiral Orchid,1km
Spiranthes australis,Orchidaceae,Spiranthes,Austral Ladies Tresses,1km
Thelymitra alpina,Orchidaceae,Thelymitra,Mountain Sun Orchid,1km
Thelymitra arenaria,Orchidaceae,Thelymitra,Forest Sun Orchid,1km
Thelymitra brevifolia,Orchidaceae,Thelymitra,Short-leaved Sun Orchid,1km
Thelymitra carnea,Orchidaceae,Thelymitra,Tiny Sun Orchid,1km
Thelymitra cyanea,Orchidaceae,Thelymitra,Veined Sun Orchid,1km
Thelymitra juncifolia,Orchidaceae,Thelymitra,Large-spotted Sun Orchid,1km
Thelymitra megcalyptra,Orchidaceae,Thelymitra,Swollen Sun Orchid,1km
Thelymitra nuda,Orchidaceae,Thelymitra,Scented Sun Orchid,1km
Thelymitra pauciflora,Orchidaceae,Thelymitra,Slender Sun Orchid,1km
Thelymitra peniculata,Orchidaceae,Thelymitra,Trim Sun Orchid,1km
Thelymitra rubra,Orchidaceae,Thelymitra,Salmon Sun Orchid,1km
Thelymitra simulata,Orchidaceae,Thelymitra,Graceful Sun-Orchid,1km
Thynninorchis huntianus,Orchidaceae,Thynninorchis,Elbow Orchid,1km
Bossiaea grayi,Fabaceae,Bossiaea,Murrumbidgee Bossiaea,1km
Swainsona recta,Fabaceae,Swainsona,Small Purple Pea,10km
Muehlenbeckia tuggeranong,Polygonaceae,Muehlenbeckia,Tuggeranong Lignum,1km
Xanthorrhoea glauca subsp. angustifolia,Xanthorrhoeaceae,Xanthorrhoea,Grey Grass-Tree,1km
Gentiana baeuerlenii,Gentianaceae,Gentiana,Baeuerlen's Gentian,1km
Gentianella cunninghamii subsp. cunninghamii,Gentianaceae,Gentianella,Cunningham's Snow Gentian,1km
Gentianella muelleriana subsp. jingerensis,Gentianaceae,Gentianella,Mueller's Snow-Gentian,1km
Gentianella sylvicola,Gentianaceae,Gentianella,Late-Forest Gentian,1km
Lepidium ginninderrense,Brassicaceae,Lepidium,Ginninderra Peppercress,1km
Thesium australe,Santalaceae,Thesium,Austral Toadflax,1km
Aprasia parapulchella,Pygopodidae,Aprasia,Pink-tailed Worm-lizard,1km
Delma impar,Pygopodidae,Delma,Striped Legless Lizard,1km
Tympanocryptis lineata,Agamidae,Tympanocryptis,Canberra Grassland Earless Dragon,10km
Tympanocryptis pinguicolla,Agamidae,Tympanocryptis,Grassland Earless Dragon,10km
Varanus rosenbergi,Varanidae,Varanus,Rosenberg's Monitor,1km
