name,commonName_new,scientificName_new,listUpdate,commonName_old,scientificName_old
Apatelantha chrysotricha,,,added,,
Apatelantha insignis,,,added,,
Austrobaeckea columnaris,,,added,,
Austrobaeckea narembeen,,,added,,
Austrobaeckea uncinella,,,added,,
Eremophila annosicaulis,,,added,,
Eremophila naaykensii,,,added,,
Hibbertia archeri,,,added,,
Machaerina ascendens,,,added,,
Olearia sp. Jerramungup (E.M. Sandiford 2528) PN,,,added,,
Ptilotus crinitus,,,added,,
Stylidium milleri,,,added,,
Stylidium perizoster,,,added,,
Acacia karinae,,,removed,Mulga,Acacia
Apatelantha chrysotricha,,,removed,,
Apatelantha insignis,,,removed,,
Arthrostylis sp. Kalumburu (K.L. Wilson 10101) PN,,,removed,,Arthrostylis
Austrobaeckea columnaris,,,removed,,
Austrobaeckea narembeen,,,removed,,
Austrobaeckea uncinella,,,removed,,
Austrostipa burgesiana,,,removed,Spear-grasses,Austrostipa
Austrostipa everettiana,,,removed,Spear-grasses,Austrostipa
Austrostipa frankliniae,,,removed,Spear-grasses,Austrostipa
Austrostipa heteranthera,,,removed,Spear-grasses,Austrostipa
Austrostipa koordana,,,removed,Spear-grasses,Austrostipa
Austrostipa nunaginensis,,,removed,Spear-grasses,Austrostipa
Austrostipa turbinata,,,removed,Spear-grasses,Austrostipa
Balaustion baiocalyx,,,removed,,Balaustion
Balaustion bimucronatum,,,removed,,Balaustion
Balaustion exsertum,,,removed,,Balaustion
Balaustion filifolium,,,removed,,Balaustion
Balaustion grande,,,removed,,Balaustion
Balaustion grandibracteatum subsp. grandibracteatum,,,removed,,Balaustion
Balaustion grandibracteatum subsp. juncturum,,,removed,,Balaustion
Balaustion grandibracteatum subsp. meridionale,,,removed,,Balaustion
Balaustion hemisphaericum,,,removed,,Balaustion
Balaustion karroun,,,removed,,Balaustion
Balaustion mukinbudin,,,removed,,Balaustion
Balaustion multicaule,,,removed,,Balaustion
Balaustion polyandrum,,,removed,,Balaustion
Balaustion sp. Billyacatting Hill (A.S. George 14349) PN,,,removed,,Balaustion
Balaustion sp. North Ironcap (R.J. Cranfield 10580) PN,,,removed,,Balaustion
Balaustion sp. Yorkrakine (C.A. Gardner s.n. 09/1933) PN,,,removed,,Balaustion
Balaustion spenceri,,,removed,,Balaustion
Balaustion tangerinum,,,removed,,Balaustion
Balaustion thamnoides,,,removed,,Balaustion
Balaustion unguiculatum,,,removed,,Balaustion
Calandrinia sp. Bayswater (C. Andrews s.n. 11/1902) PN,,,removed,Parakeelya,Calandrinia
Calandrinia sp. Hamelin Station (F. Obbens FO 02/20) PN,,,removed,Parakeelya,Calandrinia
Calandrinia sp. Lennard River (W.V. Fitzgerald 739) PN,,,removed,Parakeelya,Calandrinia
Calandrinia sp. Mt Vernon Station (T.L. Setter 427) PN,,,removed,Parakeelya,Calandrinia
Calytrix calingiri,,,removed,Fringe Myrtle,Calytrix
Calytrix djinda,,,removed,Fringe Myrtle,Calytrix
Calytrix platycheiridion,,,removed,Fringe Myrtle,Calytrix
Calytrix sp. Learmonth (S. Fox EMopp 1),,,removed,Fringe Myrtle,Calytrix
Calytrix sp. Wandana (G. Byrne 1750) PN,,,removed,Fringe Myrtle,Calytrix
Conostephium wonganense,,,removed,Pearl Flowers,Conostephium
Conostylis sp. Watheroo (S.D. Hopper 7668) PN,,,removed,,Conostylis
Convolvulus pyrophilus,,,removed,Bindweeds,Convolvulus
Dielsiodoxa altimontana,,,removed,,Dielsiodoxa
Dolichocarpa sp. Hamersley Station (A.A. Mitchell PRP 1479) PN,,,removed,,Dolichocarpa
Drosera sp. Kentdale (G.J. Bourke 458) PN,,,removed,Sundews,Drosera
Drosera sp. Lesueur National Park (C.A. Gardner 9350) PN,,,removed,Sundews,Drosera
Drosera sp. Yampi Peninsula (A.J.M. Hopkins BA 0248) PN,,,removed,Sundews,Drosera
Drummondita billyacatting,,,removed,,Drummondita
Drummondita rubriviridis,,,removed,,Drummondita
Eragrostis sp. Lake Carey (J. Paterson & J. Warden WB 40825) PN,,,removed,Lovegrasses,Eragrostis
Eremophila annosicaulis,,,removed,,
Eremophila naaykensii,,,removed,,
Eremophila xantholaemus,,,removed,,Eremophila xantholaema
Eriochilus glareosus,,,removed,Bunny Orchids,Eriochilus
Eucalyptus dissimulata subsp. dissimulata,,,removed,Red Capped Mallee,Eucalyptus dissimulata
Eucalyptus efflorescens,,,removed,,Eucalyptus
Eucalyptus formanii subsp. circulata,,,removed,Formans Mallee,Eucalyptus formanii
Eucalyptus formanii subsp. formanii,,,removed,Formans Mallee,Eucalyptus formanii
Eucalyptus goniantha subsp. kynouron,,,removed,Bundy,Eucalyptus goniantha
Eucalyptus merleae,,,removed,,Eucalyptus
Eucalyptus uncinata subsp. crassifolia,,,removed,Hook Leaved Mallee,Eucalyptus uncinata
Euploca alcyonium,,,removed,,Euploca
Fitzwillia sp. Newdegate (A. Coates 8766) PN,,,removed,,Fitzwillia
Gastrolobium sp. Asperum (F. Hort 2864) PN,,,removed,,Gastrolobium
Glycine lactivirens,,,removed,Twining Glycine,Glycine
Gomphrena axillaris,,,removed,,Gomphrena
Gomphrena longistyla,,,removed,,Gomphrena
Goodenia sp. Charnley River (M.D. Barrett MDB 5163),,,removed,,Goodenia
Grevillea brachystylis subsp. Yelverton (A. Webb AW09122),,,removed,,Grevillea 'RF05'
Grevillea dissectifolia,,,removed,,Grevillea 'RF05'
Grevillea sp. Duranillin (E.F. Shedley 180) PN,,,removed,,Grevillea 'RF05'
Grevillea sp. Nyabing (A. Coates & J. Ward AC 6030) PN,,,removed,,Grevillea 'RF05'
Grevillea speckiana,,,removed,,Grevillea 'RF05'
Grevillea trichantha,,,removed,,Grevillea 'RF05'
Hakea cygnus subsp. needlei,,,removed,,Hakea cygna subsp. needlei
Hemigenia dulcis,,,removed,,Hemigenia dulca
Hemigenia pimeleifolia,,,removed,,Hemigenia pimelifolia
Hibbertia archeri,,,removed,,
Hibiscus sp. Kununurra (K.F. Kenneally 1940) PN,,,removed,,Hibiscus
Hypocalymma inopinatum,,,removed,,Hypocalymma
Hypocalymma polyandrum,,,removed,,Hypocalymma
Indigofera rivularis,,,removed,,Indigofera
Indigofera rotula,,,removed,,Indigofera
Isotropis petrensis,,,removed,,Isotropis
Lambertia orbifolia subsp. Bowelling (A. Webb AW 09107) PN,,,removed,,Lambertia
Latrobea colophon,,,removed,,Latrobea
Lemphoria humistrata,,,removed,,Arabidella
Lindernia sp. Minute-flowered (A.S. George 12433),,,removed,,Lindernia
Lysiandra baeckeoides,,,removed,,Phyllanthus subg. Lysiandra
Lysiandra fuernrohrii,,,removed,,Phyllanthus subg. Lysiandra
Lysiandra indigoferoides,,,removed,,Phyllanthus subg. Lysiandra
Machaerina ascendens,,,removed,,
Microcorys sp. Great Victoria Desert (J. Alford s.n. PERTH 09041567) PN,,,removed,,Microcorys
Microcorys sp. Mt Holland broad-leaf (G. Barrett s.n. PERTH 04104927),,,removed,,Microcorys
Microcorys sp. Parker Range (C. Hancock s.n. PERTH 09215123) PN,,,removed,,Microcorys
Netrostylis sp. Blackwood River (A.R. Annels 3043) PN,,,removed,,Netrostylis
Netrostylis sp. Chandala (G.J. Keighery 17055) PN,,,removed,,Netrostylis
Netrostylis sp. Nannup (P.A. Jurjevich 1133) PN,,,removed,,Netrostylis
Netrostylis sp. Warren (M. McCallum Webster 23/2/1979) PN,,,removed,,Netrostylis
Nicotiana salina,,,removed,Tobacco,Nicotiana
Olearia sp. Jerramungup (E.M. Sandiford 2528) PN,,,removed,,
Paranotis sp. Pilbara (H. Ajduk HAOP04a) PN,,,removed,,Paranotis
Portulaca sp. Kununurra (M.D. Barrett MDB 5981) PN,,,removed,Purslane Plants,Portulaca
Pterostylis neopolyphylla,,,removed,Greenhoods,Pterostylis
Ptilotus crinitus,,,removed,,
Ptilotus daphneae,,,removed,,Ptilotus daphne
Solanum octona,,,removed,,Solanum octonum
Solanum sp. W Hamersley Range (S. Colwill & B. Duncan LCR99-01) PN,,,removed,Tūpurupuru,Solanum
Stackhousia muricata subsp. Perennial (W.R. Barker 3641) PN,,,removed,Candles,Stackhousia
Stenanthemum sp. Eganu (S. Patrick 4537) PN,,,removed,,Stenanthemum
Streptoglossa sp. South Coast (R.M. Hoggart 16/1113) PN,,,removed,,Streptoglossa
Stylidium daphneae,,,removed,,Stylidium daphne
Stylidium milleri,,,removed,,
Stylidium perizoster,,,removed,,
Styphelia blackallii,,,removed,Maal,Styphelia
Styphelia carolineae,,,removed,Maal,Styphelia
Styphelia caudata,,,removed,Maal,Styphelia
Styphelia exarata,,,removed,Maal,Styphelia
Styphelia graniticola,,,removed,Maal,Styphelia
Styphelia intricata,,,removed,Maal,Styphelia
Styphelia sp. Kirkalocka (A.S. George 17738) PN,,,removed,Maal,Styphelia
Styphelia sp. Watheroo (M. Hislop 4324) PN,,,removed,Maal,Styphelia
Styphelia undulata,,,removed,Maal,Styphelia
Swainsona picta,,,removed,,Swainsona
Synostemon arenosus,,,removed,,Synostemon
Tephrosia sabulosa,,,removed,Pea Bush,Tephrosia
Themeda sp. Panorama (J. Nelson et al. NS 102) PN,,,removed,,Themeda
Trachymene oleracea subsp. sedimentum,,,removed,,Trachymene oleracea subsp. sedimenta
Utricularia baliboongarnang,,,removed,Bladderworts,Utricularia
Teyl sp. (MYG693),,,removed,,Teyl
